Trade Date,Open (Rs.),High (Rs.),Low (Rs.),Close(Rs.),Trade Volume,Share Volume,Turnover(Rs.)
2018-10-31,117.90,120.00,114.00,117.90,122,1697456,193755938.40
2018-10-30,114.00,115.50,113.50,114.00,149,624882,71384973.30
2018-10-29,114.00,115.00,111.50,114.00,216,148364,16792483.70
2018-10-26,110.30,111.00,107.60,110.30,139,4734749,512770727.00
2018-10-25,107.80,109.00,107.50,107.80,109,144137,15567089.80
2018-10-23,108.50,109.00,108.20,108.50,57,12331,1338650.50
2018-10-22,108.90,109.00,108.60,108.90,12,3027,329791.00
2018-10-19,108.50,110.50,108.50,108.50,113,43960,4789820.40
2018-10-18,110.70,111.00,110.00,110.70,26,2553,281819.00
2018-10-17,110.00,111.90,109.90,110.00,115,914342,100582176.60
2018-10-16,110.00,112.70,109.50,110.00,103,46748,5145248.70
2018-10-15,110.10,112.00,110.00,110.10,96,39530,4359446.40
2018-10-12,111.60,112.70,111.00,111.60,68,25387,2837647.70
2018-10-11,112.50,112.90,111.10,112.50,48,26117,2925786.40
2018-10-10,112.60,113.90,112.10,112.60,49,7291,820703.10
2018-10-09,113.00,114.00,112.90,113.00,74,204695,23134643.30
2018-10-08,114.00,114.30,113.00,114.00,20,52219,5947928.00
2018-10-05,113.50,114.00,112.00,113.50,35,10699,1204168.50
2018-10-04,112.50,113.00,112.00,112.50,83,160246,18015255.80
2018-10-03,111.50,112.00,111.00,111.50,63,81946,9136526.30
2018-10-02,112.00,113.00,111.00,112.00,84,1405526,156022550.50
2018-10-01,112.50,113.90,112.00,112.50,39,3642,409987.70
2018-09-28,113.90,114.00,112.90,113.00,60,30971,3500331.00
2018-09-27,115.00,115.00,112.90,113.10,84,67432,7638552.10
2018-09-26,114.00,114.50,113.60,114.00,122,552271,62458249.10
2018-09-25,114.60,115.50,113.70,114.00,81,119942,13672869.30
2018-09-21,115.50,115.50,114.00,114.10,159,1684990,192120973.80
2018-09-20,117.00,117.00,115.20,115.30,65,17433,2014615.40
2018-09-19,116.50,119.00,116.00,116.40,101,614768,71625793.80
2018-09-18,119.50,119.50,116.50,116.50,114,178532,20907629.80
2018-09-17,120.00,120.00,119.50,119.50,28,8878,1064132.00
2018-09-14,120.50,120.60,119.50,119.80,119,630139,75665795.40
2018-09-13,121.60,122.00,120.30,121.00,39,5991,728295.80
2018-09-12,122.80,123.00,121.50,122.00,46,33263,4058724.40
2018-09-11,123.00,123.50,122.80,123.00,29,219188,26960189.50
2018-09-10,124.00,124.00,123.00,123.00,28,4846,598782.60
2018-09-07,123.70,124.00,123.50,123.90,15,5173,639732.90
2018-09-06,124.50,124.50,123.50,123.70,24,2564,317238.40
2018-09-05,124.00,124.00,123.50,123.70,21,305939,37935856.50
2018-09-04,124.90,124.90,123.50,123.50,8,3074,380286.00
2018-09-03,125.00,125.00,123.20,124.00,22,56092,6956333.40
2018-08-31,124.90,125.00,124.00,125.00,37,1075914,133464572.30
2018-08-30,123.50,124.90,123.50,124.10,26,39189,4862196.50
2018-08-29,121.00,123.50,120.80,123.00,72,410919,50526081.80
2018-08-28,121.10,122.00,121.00,121.00,43,84885,10276409.20
2018-08-27,122.00,122.00,121.00,121.90,54,153432,18709962.00
2018-08-24,121.00,121.10,120.60,121.00,40,34297,4149922.60
2018-08-23,122.00,122.00,120.90,121.00,73,519596,62871447.80
2018-08-21,122.10,122.10,121.80,121.90,39,26663,3251037.70
2018-08-20,124.00,124.00,122.00,122.10,58,175240,21554171.10
2018-08-17,124.00,124.00,123.00,123.10,35,10851,1335292.10
2018-08-16,124.40,124.40,123.00,123.20,40,11572,1431989.60
2018-08-15,124.00,125.00,123.50,123.50,31,95105,11877813.00
2018-08-14,125.20,126.00,124.00,124.00,37,490273,61372337.80
2018-08-13,123.60,127.30,123.60,125.20,19,2708,337032.00
2018-08-10,124.90,125.00,124.00,124.00,26,11636,1445088.30
2018-08-09,124.40,124.40,123.90,124.00,103,493779,61229333.20
2018-08-08,123.50,124.00,123.50,123.50,29,111514,13771993.80
2018-08-07,124.00,124.40,123.50,123.50,19,294494,36370229.00
2018-08-06,124.90,124.90,123.00,123.50,34,5405,669542.60
2018-08-03,123.00,124.90,122.60,124.90,16,724,89152.40
2018-08-02,124.00,124.00,122.60,123.00,118,610217,75072358.40
2018-08-01,126.50,126.50,123.00,123.50,123,199963,24949843.40
2018-07-31,128.00,128.00,125.00,125.40,132,351464,43980669.30
2018-07-30,129.90,129.90,128.00,128.00,23,15081,1930981.90
2018-07-26,128.80,128.80,127.00,127.10,33,18896,2403123.30
2018-07-25,130.70,130.70,128.80,129.00,13,1702,220043.40
2018-07-24,130.00,130.00,128.90,130.00,41,48377,6288516.40
2018-07-23,129.50,130.00,129.00,130.00,68,535417,69592112.00
2018-07-20,129.00,129.80,128.50,129.00,66,188984,24382763.90
2018-07-19,126.00,129.00,126.00,128.60,31,105271,13288512.90
2018-07-18,126.00,126.00,125.80,126.00,21,376953,47495878.00
2018-07-17,126.20,128.00,126.00,126.00,55,422088,53189977.00
2018-07-16,127.20,127.90,125.00,125.10,100,132598,16636044.00
2018-07-13,128.00,128.90,126.10,127.00,50,289350,36755959.50
2018-07-12,127.00,129.00,127.00,128.00,50,767830,97482023.50
2018-07-11,126.00,128.00,126.00,126.90,77,26781,3413738.80
2018-07-10,124.90,125.50,124.50,125.00,18,14287,1784528.20
2018-07-09,123.90,124.50,123.90,124.50,19,1842,228478.20
2018-07-06,123.10,124.90,123.00,124.00,40,7020,872277.10
2018-07-05,122.60,124.00,122.50,123.10,46,17577,2159400.40
2018-07-04,123.00,123.00,122.50,122.50,59,93221,11424057.90
2018-07-03,123.00,123.00,122.80,123.00,28,6447,792448.20
2018-07-02,123.50,123.50,122.50,122.70,55,3608866,443114540.00
2018-06-29,123.90,123.90,122.90,123.00,61,2453294,301760498.50
2018-06-28,123.80,124.00,123.00,123.00,93,2210924,272322879.90
2018-06-26,124.00,124.00,123.00,123.80,42,862722,106952179.10
2018-06-25,124.00,124.00,123.00,123.10,57,107064,13191325.00
2018-06-22,124.80,125.00,123.00,123.20,91,215811,26593021.50
2018-06-21,124.00,124.50,124.00,124.00,47,23475,2912188.90
2018-06-20,126.00,126.00,123.60,123.90,107,145461,18156302.90
2018-06-19,126.00,126.50,125.00,125.30,92,80952,10168023.60
2018-06-18,127.90,127.90,126.00,126.90,122,557591,70787753.30
2018-06-14,128.00,129.00,127.90,128.00,49,21507,2753287.80
2018-06-13,128.20,129.00,128.00,128.00,114,2126462,272191088.60
2018-06-12,128.00,129.00,128.00,128.20,112,1108736,141942759.40
2018-06-11,128.10,128.30,127.90,127.90,85,792079,101309750.20
2018-06-08,129.30,130.00,128.00,128.30,170,138727,17858828.80
2018-06-07,130.90,130.90,129.30,129.50,82,114884,14881935.30
2018-06-06,130.90,130.90,130.00,130.00,60,36291,4718169.20
2018-06-05,131.20,131.20,130.00,130.10,118,172314,22408083.90
2018-06-04,131.50,131.90,130.00,130.90,93,111500,14515911.90
2018-06-01,131.10,131.90,130.50,130.80,63,120723,15794229.40
2018-05-31,132.00,132.00,131.00,131.00,83,744142,97950732.70
2018-05-30,132.40,132.50,131.50,132.00,70,385666,50851738.20
2018-05-28,133.00,133.00,131.00,131.50,69,580656,76357078.80
2018-05-25,132.00,132.50,131.80,132.00,56,119856,15819990.90
2018-05-24,132.10,132.70,132.00,132.00,86,381424,50349607.80
2018-05-23,132.00,133.00,131.70,132.00,16,11727,1548012.70
2018-05-22,132.10,132.50,131.90,132.10,52,204251,26962098.00
2018-05-21,133.90,133.90,132.00,132.20,104,330672,43684570.80
2018-05-18,134.00,134.00,133.00,133.00,41,18153,2423533.20
2018-05-17,134.00,134.00,133.00,133.30,31,7199,960701.50
2018-05-16,134.00,134.00,133.60,134.00,20,238853,31982664.30
2018-05-15,133.80,134.00,133.50,133.50,12,1414,188807.10
2018-05-14,134.00,135.00,133.00,133.10,53,15061,2007809.80
2018-05-11,134.20,134.20,133.00,133.10,78,237245,31627505.70
2018-05-10,136.00,136.00,134.00,134.10,56,83292,11206695.60
2018-05-09,136.00,136.50,134.60,135.00,32,113507,15323917.60
2018-05-08,134.80,136.00,134.50,135.00,14,9072,1224088.80
2018-05-04,134.20,135.00,134.20,134.80,24,62674,8444662.50
2018-05-03,135.00,135.00,134.10,134.60,26,43165,5808795.50
2018-05-02,136.50,136.50,134.10,134.20,20,110405,14817370.30
2018-05-01,135.50,137.00,134.00,134.00,52,136403,18281775.80
2018-04-27,135.00,136.50,135.00,135.20,43,45094,6094230.50
2018-04-26,136.20,137.00,135.00,136.00,53,196141,26677545.50
2018-04-25,136.60,138.00,136.00,136.10,50,256333,34877835.40
2018-04-24,138.50,138.50,136.50,138.00,40,249835,34477114.20
2018-04-23,137.50,138.20,136.50,138.00,48,364147,50253119.30
2018-04-20,138.40,138.50,138.00,138.00,26,11354,1567086.70
2018-04-19,138.00,138.40,137.60,138.00,24,56176,7752341.60
2018-04-18,138.00,138.50,136.60,138.00,49,93494,12899872.90
2018-04-17,138.00,138.00,136.30,136.50,13,2902,399856.40
2018-04-16,137.90,138.00,137.00,137.60,15,4330,597241.50
2018-04-12,137.00,138.00,137.00,137.50,43,43528,5969532.90
2018-04-11,136.50,137.00,136.50,136.50,15,5760,786275.50
2018-04-10,135.00,137.00,134.50,136.50,42,128750,17443089.40
2018-04-09,135.30,136.00,135.00,135.00,42,7271,983528.00
2018-04-06,135.80,135.80,135.20,135.30,7,6253,847040.00
2018-04-05,135.00,135.80,134.00,135.00,21,25315,3410989.60
2018-04-04,135.00,135.00,134.00,134.50,13,1726,231590.00
2018-04-03,133.20,135.00,133.00,133.20,30,18998,2528465.30
2018-04-02,134.00,134.20,133.00,133.20,43,24797,3303421.50
2018-03-29,134.60,138.00,133.00,135.80,86,43929,5878170.10
2018-03-28,136.00,136.00,135.00,135.10,23,49753,6718878.00
2018-03-27,134.00,135.00,134.00,135.00,50,191940,25837057.00
2018-03-26,135.00,135.00,134.00,134.10,29,641857,86327646.10
2018-03-23,135.00,135.00,133.80,134.00,50,72174,9671982.60
2018-03-22,134.90,134.90,134.10,134.20,35,4353,584165.80
2018-03-21,136.00,136.00,134.50,134.50,21,992477,134885196.50
2018-03-20,136.00,136.70,134.50,135.10,40,47607,6421105.70
2018-03-19,135.50,136.50,135.00,135.50,26,835046,113151599.50
2018-03-16,136.00,136.10,134.50,135.80,54,163023,21987858.10
2018-03-15,135.00,136.00,134.60,135.30,23,218346,29541979.70
2018-03-14,135.20,135.90,135.00,135.00,98,1392223,187950362.90
2018-03-13,136.50,136.50,135.00,135.30,69,1204567,162620451.10
2018-03-12,136.10,136.10,135.10,135.10,45,11661,1579285.90
2018-03-09,136.10,136.50,136.00,136.10,16,4681,636854.10
2018-03-08,136.00,136.50,135.10,136.00,27,20073,2728659.90
2018-03-07,138.00,138.00,135.00,135.50,89,110006,14868785.70
2018-03-06,138.00,138.20,137.30,137.50,50,144967,19985663.40
2018-03-05,138.90,138.90,137.20,138.00,28,91875,12678121.90
2018-03-02,137.10,138.90,137.10,138.00,18,13536,1869151.40
2018-02-28,139.50,139.50,137.50,138.50,48,1702206,236580594.50
2018-02-27,140.00,140.00,138.00,139.50,15,27429,3818137.60
2018-02-26,139.80,140.00,139.00,139.00,33,17685,2464039.30
2018-02-23,137.00,140.00,134.00,139.00,41,434759,60389167.10
2018-02-22,138.80,140.00,138.80,140.00,122,5766127,807234674.70
2018-02-21,137.00,139.60,137.00,139.00,110,1979173,274925910.90
2018-02-20,138.00,138.00,136.50,136.90,38,34248,4682342.80
2018-02-19,136.00,137.00,136.00,136.00,31,38801,5277239.20
2018-02-16,135.70,138.00,135.70,136.00,19,4800,653985.70
2018-02-15,135.10,137.50,135.00,137.00,15,94875,12992579.00
2018-02-14,136.50,137.00,134.00,134.20,75,347931,46711341.80
2018-02-12,139.00,139.00,136.50,136.60,17,1328,181764.00
2018-02-09,139.90,140.00,138.00,138.00,11,8834,1235710.00
2018-02-08,139.90,140.00,138.00,140.00,51,163789,22897803.30
2018-02-07,140.00,141.00,139.20,140.80,88,336484,47234982.60
2018-02-06,140.00,140.40,139.00,140.00,51,178968,25051818.40
2018-02-02,139.50,140.00,139.20,139.50,55,62154,8670566.80
2018-02-01,140.00,140.00,139.00,139.00,78,121507,16891572.40
2018-01-30,139.80,140.00,139.20,139.70,58,214294,29815188.20
2018-01-29,139.10,140.00,139.00,139.50,53,36163,5052214.00
2018-01-26,139.00,139.00,137.10,139.00,17,8173,1132893.60
2018-01-25,138.00,139.50,138.00,139.00,18,2654609,371607546.00
2018-01-24,137.20,138.00,137.00,138.00,18,36249,5000714.80
2018-01-23,136.20,138.00,136.20,138.00,20,5071,692962.40
2018-01-22,137.50,138.00,136.00,136.10,84,310444,42249670.90
2018-01-19,138.00,138.00,136.00,136.70,110,4849965,659724676.00
2018-01-18,140.00,140.00,136.00,136.10,118,2516259,342298314.40
2018-01-17,139.00,140.00,138.10,140.00,21,12139,1689370.00
2018-01-16,141.90,142.00,140.00,140.00,43,320898,45229682.50
2018-01-12,142.20,142.20,141.00,141.50,25,34786,4937148.70
2018-01-11,142.40,142.50,141.00,142.20,37,22939,3256774.30
2018-01-10,142.50,142.50,140.80,141.70,41,19810,2804125.10
2018-01-09,141.00,142.00,141.00,142.00,41,32190,4553381.10
2018-01-08,141.00,141.70,140.50,141.00,60,5486330,763368512.50
2018-01-05,139.00,140.90,139.00,140.50,92,904903,126902292.40
2018-01-04,138.00,140.80,137.90,140.00,60,128660,17968172.30
2018-01-03,136.80,138.00,136.80,137.90,18,32507,4480829.10
2018-01-02,136.40,138.00,136.40,138.00,3,1008,139101.70
2017-12-29,136.00,136.00,135.30,135.80,23,15428,2092867.30
2017-12-28,136.00,136.00,135.00,135.30,39,329361,44562104.60
2017-12-27,135.80,135.80,135.70,135.70,11,2455,333369.00
2017-12-26,135.20,136.00,135.10,135.60,15,1612,218683.30
2017-12-22,136.00,136.00,135.10,135.20,36,2642,357667.10
2017-12-21,136.00,136.50,135.50,136.00,30,60243,8193038.50
2017-12-20,136.90,136.90,135.50,136.00,30,90343,12286625.10
2017-12-19,137.50,137.60,135.10,136.00,45,39684,5413142.70
2017-12-18,138.00,138.00,137.00,137.60,21,24467,3361979.60
2017-12-15,137.00,138.00,136.10,137.20,35,14573,1996931.00
2017-12-14,136.00,137.00,136.00,137.00,3,4170,570754.00
2017-12-13,134.60,137.00,134.60,135.10,22,3710,503775.30
2017-12-12,135.50,139.00,134.00,138.90,74,2198010,303035059.00
2017-12-11,135.10,135.90,135.00,135.00,56,153555,20738658.70
2017-12-08,135.00,135.80,134.60,135.50,34,20144,2720399.00
2017-12-07,135.10,136.00,135.00,135.30,66,153115,20676338.90
2017-12-06,135.00,136.00,134.50,135.00,51,512402,69174533.70
2017-12-05,134.30,136.50,134.30,134.90,60,518557,69953537.00
2017-12-04,136.00,136.00,134.50,134.60,77,153315,20660260.10
2017-11-30,135.00,136.50,134.50,135.00,41,67576,9120673.60
2017-11-29,136.60,136.60,133.00,134.40,148,3066004,407978197.20
2017-11-28,137.00,137.00,136.10,136.10,37,3904,533540.20
2017-11-27,137.20,137.20,136.50,137.00,32,7419,1013128.20
2017-11-24,137.70,137.80,136.00,136.10,57,106973,14560776.20
2017-11-23,137.00,137.80,133.00,137.50,126,9216787,1226217396.90
2017-11-22,138.90,139.00,136.00,136.80,124,90447,12458766.20
2017-11-21,139.60,140.00,138.50,138.80,51,331449,46178382.90
2017-11-20,141.00,141.00,139.90,140.00,71,131502,18410360.20
2017-11-17,137.80,141.00,137.80,140.00,27,79863,11158950.40
2017-11-16,139.00,139.00,137.20,137.50,83,1479182,204994884.20
2017-11-15,138.30,140.00,137.00,138.00,50,162472,22298378.00
2017-11-14,142.00,142.00,138.00,138.30,39,11295,1567941.10
2017-11-13,140.50,143.90,140.00,141.50,44,59893,8497013.20
2017-11-10,143.90,144.00,142.00,142.00,39,31198,4445047.40
2017-11-09,144.40,144.40,143.00,143.90,22,1721,247113.20
2017-11-08,145.00,146.00,144.00,144.50,30,13708,1981887.50
2017-11-07,147.00,147.00,145.00,146.20,54,186297,27222979.50
2017-11-06,147.50,148.00,147.50,147.50,30,8391,1238907.50
2017-11-02,148.00,148.00,147.50,147.50,22,14859,2198847.50
2017-11-01,148.80,149.60,148.00,148.90,21,4856,722852.40
2017-10-31,147.00,150.00,147.00,149.70,197,837714,125168952.70
2017-10-30,143.60,148.00,143.20,147.10,154,9659238,1406480276.90
2017-10-27,144.00,145.00,143.20,143.60,48,77448,11218911.80
2017-10-26,142.00,145.00,142.00,145.00,41,36197,5243326.70
2017-10-25,140.90,143.00,140.90,142.40,17,73914,10439019.10
2017-10-24,140.60,141.50,140.50,141.00,38,168363,23737777.70
2017-10-23,143.00,143.00,141.00,141.40,34,18308,2597736.40
2017-10-20,143.90,144.00,142.00,142.70,76,30984,4429590.60
2017-10-19,143.00,143.90,142.50,143.00,34,45485,6497340.70
2017-10-17,144.00,144.00,143.00,143.70,23,2129410,308548891.50
2017-10-16,146.10,146.10,142.00,142.60,69,222893,32070107.00
2017-10-13,149.00,149.50,146.00,146.50,20,7276,1072532.50
2017-10-12,149.30,149.80,149.00,149.00,91,1761263,263306542.70
2017-10-11,148.10,149.00,148.00,148.80,77,42479,6320068.00
2017-10-10,145.00,149.00,145.00,148.10,111,240392,35259972.20
2017-10-09,146.00,146.00,145.00,145.30,32,14844,2154808.80
2017-10-06,146.40,147.90,146.00,147.00,87,313022,45935094.80
2017-10-04,140.50,146.20,140.50,145.90,329,13278744,1927929171.50
2017-10-03,139.00,140.50,138.50,140.30,175,309464,43331301.60
2017-10-02,138.50,138.50,138.00,138.10,24,13982,1930999.10
2017-09-29,138.00,139.00,138.00,138.50,49,748939,104431421.00
2017-09-28,138.50,138.90,137.50,138.50,60,309256,42830132.70
2017-09-27,138.90,138.90,137.60,137.60,5,1579,217921.90
2017-09-26,139.00,139.00,137.20,139.00,17,9525,1322606.90
2017-09-25,139.80,139.80,137.10,138.00,20,96074,13254171.10
2017-09-22,140.00,140.00,138.00,138.10,45,52104,7193155.10
2017-09-21,140.00,140.80,137.00,140.10,127,450891,62862575.60
2017-09-20,137.00,141.00,137.00,140.90,99,3263672,459660175.10
2017-09-19,136.50,137.00,136.10,137.00,16,102070,13981396.60
2017-09-18,136.50,137.00,136.10,136.70,23,177334,24282184.00
2017-09-15,135.50,138.00,135.00,137.10,55,132674,18137612.50
2017-09-14,135.10,136.00,135.00,135.00,17,7705,1043688.50
2017-09-13,135.70,136.00,134.60,135.00,28,841920,113659012.50
2017-09-12,136.50,136.50,136.00,136.00,38,737956,100368281.00
2017-09-11,137.00,137.00,136.40,136.40,42,72196,9851959.10
2017-09-08,137.00,137.00,136.50,136.50,24,1233722,168403326.00
2017-09-07,136.50,137.00,136.50,137.00,27,27498,3758751.50
2017-09-06,136.90,136.90,136.40,136.50,29,71487,9758165.90
2017-09-04,137.00,137.30,136.30,137.00,8,2803,383994.20
2017-08-31,136.60,137.00,136.20,136.50,40,1959963,267535688.40
2017-08-30,138.00,138.00,136.50,136.60,89,742319,101896854.70
2017-08-29,137.80,138.00,137.20,137.50,50,116078,16005347.60
2017-08-28,138.00,138.00,137.50,138.00,31,88543,12218219.00
2017-08-25,137.20,137.90,137.10,137.50,29,61668,8470526.80
2017-08-24,137.00,137.40,137.00,137.10,70,531124,72797942.50
2017-08-23,137.00,137.50,137.00,137.00,51,82152,11256273.80
2017-08-22,137.00,137.30,137.00,137.00,42,396575,54330832.50
2017-08-21,136.60,137.30,136.50,137.00,20,81907,11221123.50
2017-08-18,137.00,137.10,136.90,137.00,41,44918,6155816.60
2017-08-17,137.00,137.30,137.00,137.00,44,330707,45307018.00
2017-08-16,138.00,138.00,137.00,137.20,25,112475,15414178.60
2017-08-15,138.00,138.00,137.50,137.60,46,196879,27078881.00
2017-08-14,138.00,138.50,138.00,138.00,39,84772,11698766.50
2017-08-11,137.50,138.00,137.50,137.50,25,31451,4324715.50
2017-08-10,137.50,137.50,137.00,137.50,31,25424,3488215.50
2017-08-09,137.30,138.00,137.30,137.30,48,162537,22382522.70
2017-08-08,137.50,137.50,136.90,137.20,19,63202,8685006.50
2017-08-04,137.00,137.90,137.00,137.60,40,63550,8722367.00
2017-08-03,138.00,138.00,137.00,137.70,25,231508,31730373.50
2017-08-02,139.00,139.00,137.00,137.50,20,25428,3494866.30
2017-08-01,137.50,138.00,137.30,137.50,32,471584,65065050.90
2017-07-31,137.60,138.50,137.50,138.00,41,270252,37294859.50
2017-07-28,138.90,139.00,138.00,138.50,52,293473,40768680.20
2017-07-27,138.00,139.00,138.00,138.10,54,85997,11881080.50
2017-07-26,138.40,138.90,138.00,138.00,27,223345,30823442.40
2017-07-25,137.70,139.10,137.20,138.00,67,342022,47505057.60
2017-07-24,137.50,138.90,137.20,137.60,18,6310,867149.50
2017-07-21,138.00,138.50,137.50,137.50,16,22517,3096726.50
2017-07-20,137.50,138.40,137.30,137.40,44,280098,38620448.10
2017-07-19,138.00,138.00,137.50,137.50,28,18130,2495080.00
2017-07-18,138.50,138.50,137.50,138.30,41,69934,9654546.50
2017-07-17,138.00,138.90,138.00,138.00,54,196700,27147707.00
2017-07-14,138.00,138.50,138.00,138.50,35,47043,6503675.80
2017-07-13,138.00,139.00,138.00,138.10,32,24690,3408975.70
2017-07-12,139.00,139.30,138.00,138.50,43,505682,70093901.60
2017-07-11,139.00,140.00,139.00,139.80,54,64786,9047235.50
2017-07-10,139.90,140.10,139.00,139.50,66,132823,18568049.60
2017-07-07,139.10,140.00,139.10,139.80,44,111048,15527938.60
2017-07-06,139.10,139.80,139.00,139.60,51,106377,14845359.00
2017-07-05,139.90,139.90,139.00,139.10,36,350211,48993519.20
2017-07-04,139.00,140.00,138.90,139.60,71,302788,42357207.80
2017-07-03,139.50,139.50,138.50,139.00,66,99215,13788135.30
2017-06-30,139.00,139.50,138.00,139.20,259,520659,72583442.70
2017-06-29,139.60,140.50,139.10,139.70,49,854039,119562324.90
2017-06-28,139.50,139.80,139.30,139.50,42,107242,14959959.60
2017-06-27,139.00,139.90,139.00,139.50,83,244459,34075975.10
2017-06-23,138.70,139.30,138.50,139.00,46,54815,7619930.00
2017-06-22,138.10,140.00,138.10,139.90,53,160384,22436182.80
2017-06-21,139.90,140.00,139.00,140.00,63,325345,45543281.40
2017-06-20,139.80,140.00,139.00,140.00,55,192790,26985761.00
2017-06-19,140.00,140.40,138.00,138.00,36,192043,26885384.10
2017-06-16,140.40,140.40,139.10,140.00,42,176714,24733444.60
2017-06-15,137.00,141.00,137.00,139.80,139,756648,105767349.50
2017-06-14,134.90,138.00,134.90,136.10,66,169705,23106041.20
2017-06-13,136.00,136.00,134.70,134.90,34,6576,888890.70
2017-06-12,134.00,136.50,134.00,135.90,54,171298,23250157.10
2017-06-09,134.00,138.00,133.70,136.00,86,215303,29034733.40
2017-06-07,134.50,135.00,133.00,133.90,62,44249,5917002.60
2017-06-06,134.10,135.00,134.10,134.40,28,65310,8809132.90
2017-06-05,135.00,135.00,133.60,134.00,87,101062,13543883.70
2017-06-02,135.00,135.50,134.90,135.00,73,152215,20555716.90
2017-06-01,135.00,135.50,134.50,135.50,33,13622,1839227.20
2017-05-31,135.10,135.60,134.00,134.10,106,831115,111510023.30
2017-05-30,135.00,135.50,133.00,134.70,83,10871689,1445971914.80
2017-05-29,136.00,137.00,134.00,134.60,70,31701,4305004.60
2017-05-26,137.80,137.90,136.00,136.20,42,40454,5526101.80
2017-05-25,138.50,138.50,137.80,137.80,43,44505,6151182.70
2017-05-24,139.00,139.00,137.00,138.50,38,10043226,1385942882.50
2017-05-23,139.00,139.00,136.00,136.50,62,23956,3280051.20
2017-05-22,143.00,143.00,138.00,138.00,58,16650,2307063.20
2017-05-19,147.00,147.80,145.00,145.20,77,61936,9078155.10
2017-05-18,147.00,148.50,147.00,147.40,59,122114,18070704.30
2017-05-17,148.00,148.00,147.00,147.50,38,146827,21655028.80
2017-05-16,149.00,149.00,148.00,148.00,61,35004,5194200.40
2017-05-15,149.00,149.00,148.00,148.60,69,226084,33593592.00
2017-05-12,147.50,149.00,147.50,148.60,82,159353,23583272.20
2017-05-09,147.00,147.50,146.60,147.30,48,64856,9538415.50
2017-05-08,146.00,147.00,145.50,146.90,78,90878,13307362.10
2017-05-05,145.20,146.00,145.00,145.50,54,68810,10001203.10
2017-05-04,145.00,145.50,145.00,145.10,33,48848,7084693.20
2017-05-03,143.50,145.30,142.10,145.00,91,491477,71262264.10
2017-05-02,145.50,145.50,144.00,144.10,46,67295,9697222.20
2017-04-28,144.90,145.10,144.50,145.00,57,968260,140397117.80
2017-04-27,142.00,145.00,142.00,144.90,115,1570192,227625400.20
2017-04-26,142.00,143.00,142.00,142.20,48,818850,116297872.90
2017-04-25,143.00,145.00,142.00,142.20,67,730936,105863433.80
2017-04-24,144.90,144.90,142.00,142.60,31,6098,869662.20
2017-04-21,142.90,145.00,142.90,144.50,134,489531,70920372.40
2017-04-20,140.00,143.00,140.00,142.10,108,72540,10273140.00
2017-04-19,137.00,141.00,137.00,139.70,78,29719330,4308685055.40
2017-04-18,137.00,137.00,135.00,135.30,51,39765,5397108.60
2017-04-17,139.20,139.20,135.00,136.50,45,46798,6407686.10
2017-04-12,135.90,140.00,135.90,139.10,75,1314596,180760548.40
2017-04-11,133.50,135.90,133.50,135.50,13,725167,98260145.40
2017-04-07,135.00,135.50,134.00,135.10,41,131538,17769930.70
2017-04-06,134.50,135.00,133.70,134.50,33,576652,77557243.30
2017-04-05,134.90,134.90,132.10,133.40,27,212346,28346531.20
2017-04-04,132.00,134.90,131.50,134.10,53,802104,105580590.00
2017-04-03,132.00,132.00,130.50,131.50,18,215769,28369738.50
2017-03-31,130.00,132.00,129.00,130.40,31,1548217,200977917.80
2017-03-30,129.50,130.00,128.50,130.00,58,347459,45127936.30
2017-03-29,129.50,129.50,128.50,128.80,77,557720,71740435.70
2017-03-28,130.00,130.00,129.00,129.00,46,62607,8090896.20
2017-03-27,132.00,132.00,130.00,130.00,44,29154,3792987.80
2017-03-24,133.20,133.50,132.00,132.10,32,442553,58857966.00
2017-03-23,133.90,134.00,133.00,133.00,11,434990,58242082.80
2017-03-22,135.00,135.00,133.50,133.70,33,7419,993522.00
2017-03-21,139.00,139.00,134.10,134.90,15,3871,520386.40
2017-03-20,134.90,135.00,134.00,134.10,15,8546,1146005.40
2017-03-17,134.10,134.90,133.00,134.00,36,272309,36353703.30
2017-03-16,134.10,134.10,134.10,134.10,7,1957,262433.70
2017-03-15,137.00,137.00,134.00,134.10,31,62962,8498749.30
2017-03-14,136.50,136.90,134.30,135.00,53,43272,5857319.60
2017-03-13,138.50,138.50,136.50,136.50,31,20002,2736103.20
2017-03-10,138.50,138.50,138.00,138.00,28,14846,2050095.20
2017-03-09,140.50,140.50,138.00,138.20,38,16905,2337842.50
2017-03-08,142.00,142.00,140.00,140.00,212,1074343,150594947.90
2017-03-07,138.00,142.00,135.00,141.80,364,873203,120668976.40
2017-03-06,142.00,142.00,141.90,142.00,12,1831,259982.00
2017-03-03,142.40,142.50,142.00,142.00,26,43494,6187835.40
2017-03-02,142.80,144.00,142.00,142.50,28,9061,1294031.30
2017-03-01,143.00,144.00,143.00,143.10,27,226902,32467174.20
2017-02-28,144.00,144.00,143.00,143.00,37,261642,37415789.20
2017-02-27,144.00,144.40,144.00,144.00,46,114590,16500964.00
2017-02-23,144.00,144.40,143.10,143.90,17,4348,625921.20
2017-02-22,142.60,143.10,142.60,143.00,35,1228058,175612234.70
2017-02-21,142.00,142.90,142.00,142.90,17,170953,24307535.70
2017-02-20,142.50,143.00,142.00,142.20,9,1737,246969.00
2017-02-17,142.50,142.50,142.00,142.00,7,7368,1046357.00
2017-02-16,143.00,143.50,142.90,143.00,8,1545,221184.70
2017-02-15,142.10,143.00,142.10,143.00,18,38629,5523643.00
2017-02-14,142.00,143.00,142.00,142.00,20,87652,12446644.00
2017-02-13,141.00,142.00,140.10,142.00,29,70211,9942478.30
2017-02-09,140.00,141.00,140.00,140.10,26,148426,20781471.00
2017-02-08,141.70,142.00,140.00,140.10,31,5459,766445.00
2017-02-07,143.00,143.00,141.80,142.00,20,3606,512138.10
2017-02-06,144.00,145.00,143.90,145.00,36,57599,8343642.20
2017-02-03,146.20,146.20,145.00,145.20,22,202798,29406820.50
2017-02-02,144.90,145.90,143.90,145.70,28,45648,6613908.60
2017-02-01,144.90,144.90,143.00,143.10,16,14228,2036780.60
2017-01-31,145.50,145.50,144.50,145.00,28,356872,51746341.00
2017-01-30,143.00,148.50,143.00,145.10,36,32338,4672466.50
2017-01-27,142.00,142.00,142.00,142.00,20,379082,53829644.00
2017-01-26,141.70,142.00,141.70,142.00,16,3078,436783.40
2017-01-25,141.50,142.00,141.00,141.90,6,1238,175533.00
2017-01-24,141.20,142.00,141.00,142.00,25,310370,44017796.70
2017-01-23,141.00,142.00,141.00,142.00,24,351128,49855165.70
2017-01-20,140.00,144.00,140.00,142.10,18,13221,1863859.20
2017-01-19,140.00,140.50,140.00,140.00,10,3196,447450.50
2017-01-18,140.00,140.50,140.00,140.00,19,39495,5529350.00
2017-01-17,140.10,141.00,139.50,139.60,31,24474,3426345.50
2017-01-16,142.90,142.90,140.00,140.00,22,28277,3959383.80
2017-01-13,142.00,142.00,140.00,142.00,27,857282,121730320.70
2017-01-11,140.20,142.00,140.20,142.00,11,24510,3479962.20
2017-01-10,140.50,141.50,140.00,140.00,36,70637,9889257.20
2017-01-09,142.00,142.00,141.00,141.90,28,46078,6536333.00
2017-01-06,142.00,142.50,141.50,142.50,12,82188,11708518.20
2017-01-05,142.50,142.50,141.60,141.90,38,102559,14587936.90
2017-01-04,143.00,143.00,143.00,143.00,2,105,15015.00
2017-01-03,143.00,144.50,142.90,143.50,14,2529,362500.30
2017-01-02,144.00,144.00,143.00,143.30,10,3768,541133.00
2016-12-30,145.00,145.00,144.00,145.00,27,43283,6252774.00
2016-12-29,145.00,145.00,145.00,145.00,18,163125,23653125.00
2016-12-28,144.90,146.00,144.50,145.00,44,5756483,834687945.10
2016-12-27,144.00,144.00,141.50,142.00,41,54847,7865029.20
2016-12-23,141.50,142.00,141.50,141.60,6,2214,313548.00
2016-12-22,142.50,144.00,141.00,141.30,25,6509,925278.30
2016-12-21,144.00,144.00,143.00,143.00,12,8045,1150575.00
2016-12-20,143.00,145.00,140.30,141.40,70,1802311,261316024.80
2016-12-19,145.00,145.00,143.60,143.60,13,3786,545761.80
2016-12-16,144.60,145.20,144.50,145.00,44,1233748,178871140.80
2016-12-15,143.00,145.10,143.00,145.00,58,486263,70503146.30
2016-12-14,145.00,145.00,144.50,144.90,47,1292840,187455184.80
2016-12-09,145.00,146.00,144.00,144.50,63,1174621,170272813.50
2016-12-08,143.20,144.00,143.00,143.40,27,34176,4899096.20
2016-12-07,143.00,144.00,143.00,143.00,24,58567,8375108.70
2016-12-06,144.00,144.00,143.00,144.00,20,1332970,190617770.00
2016-12-05,144.00,144.30,142.00,144.10,44,67288,9672649.80
2016-12-02,142.00,144.50,141.20,142.20,37,618421,87815764.80
2016-12-01,140.50,145.00,140.50,142.00,30,1101665,155835617.80
2016-11-30,140.50,140.50,140.00,140.00,29,243571,34100226.50
2016-11-29,139.00,140.10,139.00,140.00,45,481506,67408613.20
2016-11-28,141.00,141.00,138.50,139.40,53,21774,3045151.80
2016-11-25,142.00,142.00,140.10,140.80,14,8390,1181135.90
2016-11-24,142.90,142.90,141.00,141.00,20,13621,1923325.90
2016-11-23,141.40,143.00,141.40,142.00,26,13235,1875526.90
2016-11-22,141.00,141.50,140.10,141.00,46,72413,10212729.20
2016-11-21,141.50,142.00,140.00,141.50,70,737155,103926705.30
2016-11-18,143.00,144.00,142.00,142.00,28,14473,2056207.80
2016-11-17,141.50,144.50,141.50,143.00,83,79323,11289899.00
2016-11-16,146.00,146.20,141.00,141.10,69,66291,9452802.40
2016-11-15,147.90,148.00,146.00,148.00,25,1176090,174056740.90
2016-11-11,148.90,148.90,147.00,148.00,12,2900,427441.30
2016-11-10,148.90,148.90,148.00,148.00,19,307936,45577157.80
2016-11-09,149.00,149.00,147.00,147.40,24,20825,3074423.70
2016-11-08,150.00,150.00,148.00,149.00,35,52349,7755304.00
2016-11-07,151.90,151.90,150.10,150.30,47,61730,9320943.30
2016-11-04,151.00,151.80,151.00,151.00,80,55722,8421366.00
2016-11-03,151.00,151.50,150.70,151.00,73,96700,14601650.60
2016-11-02,145.00,150.50,145.00,150.00,166,535462,80267156.70
2016-11-01,143.00,148.90,143.00,147.20,53,33345,4873286.10
2016-10-31,145.00,145.20,140.10,143.90,28,82104,11535599.60
2016-10-28,146.70,146.70,144.60,144.60,18,14230,2059934.50
2016-10-27,147.00,147.00,146.00,146.20,8,957,140493.00
2016-10-26,147.30,147.30,146.70,147.00,34,98154,14428352.50
2016-10-25,147.30,147.30,146.30,147.00,37,33197,4879962.80
2016-10-24,147.00,147.20,145.50,147.00,50,238224,35018939.00
2016-10-21,147.00,147.90,147.00,147.00,29,108471,15945266.70
2016-10-20,147.00,147.90,147.00,147.00,48,152269,22383886.50
2016-10-19,147.00,147.00,146.00,146.50,24,135894,19921310.10
2016-10-18,146.00,146.00,144.00,145.90,43,54633,7922326.40
2016-10-17,146.00,147.00,145.50,146.00,25,10813,1578696.30
2016-10-14,147.90,148.00,145.60,148.00,27,216042,31973825.50
2016-10-13,148.50,148.50,146.00,147.70,32,488141,72209894.70
2016-10-12,148.50,148.50,148.00,148.40,12,3700,548421.00
2016-10-11,148.20,150.10,146.50,149.20,113,1445387,216716324.10
2016-10-10,148.00,149.00,147.80,148.50,38,23980,3557603.00
2016-10-07,146.40,150.80,146.40,148.50,101,172247,25793286.00
2016-10-06,146.50,146.50,145.00,145.90,35,38457,5577603.00
2016-10-05,147.00,147.00,145.00,146.20,48,53110,7761622.60
2016-10-04,148.00,148.00,145.00,145.00,87,125796,18242589.90
2016-10-03,144.50,148.00,144.10,147.10,57,124184,18011260.50
2016-09-30,143.00,144.50,143.00,144.00,65,110593,15906275.10
2016-09-29,142.00,143.50,142.00,143.00,80,123372,17600386.90
2016-09-28,141.00,142.10,140.10,142.00,62,133123,18847556.70
2016-09-27,140.00,140.50,140.00,140.00,40,332189,46507670.50
2016-09-26,140.00,141.00,140.00,140.10,35,20648,2897928.00
2016-09-23,140.00,141.00,140.00,140.00,42,906166,126865008.20
2016-09-22,141.00,141.00,140.00,140.00,55,72923,10218172.50
2016-09-21,139.90,141.00,139.60,140.00,36,559099,78214545.40
2016-09-20,141.50,141.50,139.80,139.90,39,13407,1878450.30
2016-09-19,142.90,142.90,140.00,141.50,34,8832,1246958.00
2016-09-15,142.10,142.50,142.00,142.10,45,25408,3611620.10
2016-09-14,139.90,142.10,138.90,142.00,142,2174363,308463474.10
2016-09-13,138.40,140.00,138.40,140.00,39,39368,5491867.00
2016-09-09,139.20,139.20,138.50,138.90,31,32536,4521048.80
2016-09-08,139.80,139.80,137.10,138.00,22,36567,5043738.40
2016-09-07,139.30,139.80,138.00,138.10,24,107697,14962789.00
2016-09-06,138.30,139.80,138.00,139.00,33,122465,17021680.60
2016-09-05,138.80,139.00,137.50,138.30,57,134184,18635754.40
2016-09-02,138.50,139.00,138.00,138.50,30,21584,2990450.80
2016-09-01,139.80,139.80,138.00,138.40,33,22372,3100248.00
2016-08-31,139.30,139.50,138.00,138.90,81,570359,79127534.60
2016-08-30,139.80,139.80,138.00,138.00,12,6614,912801.00
2016-08-29,138.00,140.00,137.00,139.20,78,287340,39964095.60
2016-08-26,140.00,140.00,138.00,138.30,26,27974,3910772.10
2016-08-25,140.00,140.10,140.00,140.00,58,75996,10639453.00
2016-08-24,140.00,142.00,140.00,140.00,93,116792,16393572.50
2016-08-23,139.80,140.00,138.60,140.00,112,1520444,212567754.30
2016-08-22,139.70,139.90,139.50,139.70,76,92246,12892002.00
2016-08-19,139.50,139.90,138.50,139.20,91,149118,20746876.60
2016-08-18,137.00,139.80,137.00,139.00,93,652901,91129230.80
2016-08-16,136.40,137.20,136.40,137.00,61,45894,6270751.60
2016-08-15,135.10,137.50,135.00,136.40,93,88148,11965005.80
2016-08-12,135.00,136.00,135.00,135.10,27,13339,1806363.50
2016-08-11,135.00,136.00,135.00,135.50,60,59576,8074675.90
2016-08-10,136.00,136.40,136.00,136.10,45,20797,2830295.10
2016-08-09,136.50,136.50,135.00,135.70,62,22952,3109839.20
2016-08-08,136.50,138.00,135.10,136.00,85,51264,6977254.30
2016-08-05,138.90,139.00,137.00,137.00,45,14228,1951894.70
2016-08-04,139.00,140.00,137.00,137.00,62,68571,9491290.50
2016-08-03,137.00,140.00,137.00,139.50,162,240238,33351233.80
2016-08-02,135.00,138.90,134.90,137.50,169,330927,45305307.00
2016-08-01,130.50,135.00,130.50,134.00,151,915452,121163085.70
2016-07-29,129.00,130.50,129.00,130.00,56,50982,6626472.90
2016-07-28,128.50,130.00,127.50,129.90,69,109627,14210579.00
2016-07-27,129.50,129.50,128.50,128.50,18,21763,2797793.40
2016-07-26,130.00,130.00,129.00,129.20,25,6690,866128.80
2016-07-25,130.00,130.00,129.00,129.10,23,12130,1565260.00
2016-07-22,129.80,130.00,129.80,130.00,36,239350,31114914.20
2016-07-21,128.60,130.00,128.50,130.00,29,26987,3490401.20
2016-07-20,129.00,130.50,128.50,130.00,55,322010,41561814.80
2016-07-18,129.50,129.60,128.10,128.50,18,1714,220660.50
2016-07-15,129.00,130.00,129.00,129.50,34,103219,13367082.10
2016-07-14,130.00,130.00,129.00,129.30,45,332751,43255080.10
2016-07-13,128.50,129.50,128.50,129.50,80,260265,33583523.50
2016-07-12,127.00,128.50,127.00,128.10,102,247745,31905356.30
2016-07-11,124.70,128.00,124.50,126.30,24,71445,8930819.50
2016-07-08,123.00,124.00,121.70,124.00,64,131748,16218041.60
2016-07-07,121.30,123.00,121.20,122.00,23,14960,1818988.00
2016-07-05,121.00,121.50,120.50,121.50,54,159429,19290406.30
2016-07-04,122.00,122.00,120.10,121.00,57,39434,4771812.60
2016-07-01,121.40,122.00,121.00,121.00,102,365120,44215909.50
2016-06-30,122.00,122.90,121.30,121.70,42,18937,2306553.70
2016-06-29,124.00,124.00,121.10,121.30,30,10976,1332504.70
2016-06-28,122.00,122.00,121.40,122.00,71,360361,43953446.70
2016-06-27,123.70,123.70,121.00,121.80,119,778868,95383304.80
2016-06-24,123.00,124.00,122.50,122.90,96,172256,21182696.80
2016-06-23,125.50,126.00,124.00,124.00,63,66105,8207852.60
2016-06-22,127.00,127.00,124.00,125.00,173,1098275,136409714.70
2016-06-21,127.30,128.00,126.50,126.60,48,51270,6508154.40
2016-06-20,127.20,128.20,127.10,127.30,24,8486,1080979.40
2016-06-17,126.50,128.90,126.00,127.70,46,130991,16640224.60
2016-06-16,129.40,129.40,125.60,126.10,139,291442,37029262.50
2016-06-15,129.60,129.90,129.50,129.50,40,32097,4157421.20
2016-06-14,129.90,129.90,129.50,129.60,20,11196,1450400.40
2016-06-13,129.00,129.90,129.00,129.50,23,15200,1968771.90
2016-06-10,130.00,130.00,129.20,129.20,11,1106,143093.00
2016-06-09,129.00,129.50,129.00,129.20,36,257781,33305109.00
2016-06-08,129.10,129.50,129.00,129.00,50,34266,4426988.50
2016-06-07,129.50,129.50,128.50,129.00,41,16975,2186850.80
2016-06-06,128.40,129.50,128.00,128.30,29,10104,1299786.40
2016-06-03,128.90,128.90,127.90,128.00,53,43298,5544133.20
2016-06-02,128.00,128.50,127.90,128.50,60,663574,85228231.70
2016-06-01,128.00,128.90,127.50,128.00,74,916977,117116491.00
2016-05-31,129.00,129.50,127.50,127.80,84,150546,19366112.90
2016-05-30,130.00,130.00,129.00,129.00,60,46382,6004897.60
2016-05-27,130.50,130.50,130.00,130.00,172,6148383,799290821.10
2016-05-26,131.00,131.00,130.40,130.50,65,1534472,200248767.50
2016-05-25,131.50,131.50,130.40,130.50,69,2510520,328877059.90
2016-05-24,131.00,131.50,130.60,131.00,67,2198694,288019200.20
2016-05-20,131.20,132.00,130.70,131.00,41,22063,2902562.80
2016-05-19,131.60,132.00,130.60,130.70,43,45805,5997561.00
2016-05-18,131.00,132.00,130.50,131.50,30,1187661,155921737.10
2016-05-17,133.10,133.30,130.10,130.30,90,85961,11274748.90
2016-05-16,132.50,133.10,132.50,133.00,39,36667,4873250.50
2016-05-13,132.00,132.10,131.40,132.00,80,1910770,248522100.30
2016-05-12,131.00,132.00,130.00,131.40,165,2652519,344862856.00
2016-05-11,133.50,133.50,130.00,130.00,184,4094470,534317780.20
2016-05-10,132.10,133.00,132.00,132.90,30,33038,4377327.20
2016-05-09,133.00,133.00,132.00,132.50,37,30793,4085789.40
2016-05-06,133.50,133.50,132.50,132.50,45,565257,74900223.90
2016-05-05,132.90,133.00,132.00,132.90,57,123038,16340206.80
2016-05-04,133.00,133.50,132.50,132.70,107,1592951,211846611.10
2016-05-03,132.00,133.00,132.00,133.00,109,165320,21983193.60
2016-04-29,130.00,131.00,130.00,130.70,87,549737,71887578.40
2016-04-28,132.00,132.00,129.50,129.90,143,171756,22346155.40
2016-04-27,131.00,132.00,131.00,132.00,75,187394,24678652.20
2016-04-26,132.00,132.00,130.50,131.00,78,140327,18361179.80
2016-04-25,133.00,133.00,130.90,131.00,113,117687,15419321.40
2016-04-22,132.60,133.50,132.50,133.00,44,35417,4711330.80
2016-04-20,132.00,133.00,131.50,132.50,22,3402,451067.20
2016-04-19,133.00,133.00,131.20,132.00,51,40890,5396016.90
2016-04-18,135.00,135.00,131.00,132.10,45,16869,2241847.20
2016-04-15,135.00,135.00,130.00,130.60,110,104943,13851352.40
2016-04-12,134.00,135.00,133.90,134.50,67,59010,7959481.50
2016-04-11,134.50,134.50,132.60,134.00,112,239110,32030281.10
2016-04-08,132.00,136.00,132.00,134.10,83,53986,7254886.60
2016-04-07,128.10,132.00,128.10,132.00,81,145016,18968494.60
2016-04-06,127.10,129.90,127.00,129.90,31,58329,7541348.00
2016-04-05,125.40,130.00,124.80,128.40,75,144223,18398856.40
2016-04-04,124.00,125.10,123.50,124.80,32,33618,4185059.00
2016-04-01,121.00,124.50,121.00,123.60,21,4335,530551.60
2016-03-31,124.00,125.90,123.90,125.50,59,45127,5607242.10
2016-03-30,122.30,124.00,122.20,123.60,33,13357,1648163.20
2016-03-29,122.00,123.00,121.00,122.70,99,192957,23537704.70
2016-03-28,122.00,122.50,121.40,122.00,70,20406,2487868.80
2016-03-24,122.00,123.00,121.00,121.70,59,17901,2182188.90
2016-03-23,121.50,122.00,120.20,121.00,54,347118,42000937.60
2016-03-21,120.00,122.00,120.00,121.60,23,13325,1619538.40
2016-03-18,120.00,121.50,120.00,120.00,55,1078520,129423531.00
2016-03-17,122.00,122.00,120.00,120.00,195,3639326,436738076.50
2016-03-16,120.00,121.80,120.00,120.00,66,1587194,190465437.50
2016-03-15,120.50,121.90,120.00,120.10,88,2432851,291948191.90
2016-03-14,122.00,122.30,121.00,121.60,65,279672,34117481.90
2016-03-11,122.00,122.00,118.00,122.00,30,3859,468789.50
2016-03-10,117.10,118.00,115.50,117.20,167,1332524,155934097.40
2016-03-09,121.00,122.00,115.00,117.10,263,1021101,120422098.50
2016-03-08,124.00,124.00,122.00,123.20,89,112942,13944723.20
2016-03-04,125.00,125.00,124.00,124.00,27,130652,16200852.50
2016-03-03,124.50,125.00,124.00,124.00,71,897886,111719078.00
2016-03-02,124.00,124.50,123.80,124.00,80,541117,67097831.40
2016-03-01,125.00,125.00,124.00,124.10,81,21187,2632688.50
2016-02-29,125.00,125.00,124.90,124.90,45,204513,25563968.80
2016-02-26,125.00,125.00,124.50,125.00,53,71072,8881324.60
2016-02-25,125.50,125.50,124.40,124.70,96,123056,15379203.90
2016-02-24,125.00,125.00,124.60,124.70,48,23387,2920551.30
2016-02-23,125.00,125.20,125.00,125.00,29,13791,1724005.00
2016-02-19,124.00,125.00,123.20,125.00,40,51885,6475909.70
2016-02-18,125.00,125.00,123.00,123.20,77,125964,15529166.80
2016-02-17,124.70,125.00,124.00,124.10,84,139609,17371470.30
2016-02-16,125.00,125.00,124.80,124.80,42,138194,17250972.00
2016-02-15,127.00,127.00,124.00,125.00,84,832078,104558625.50
2016-02-12,127.00,128.00,124.50,125.00,133,96874,12166284.80
2016-02-11,128.00,128.00,127.00,127.00,52,43402,5524885.50
2016-02-10,129.60,130.00,128.00,128.80,96,46293,5979951.50
2016-02-09,130.00,130.00,129.60,129.90,24,2955,384041.40
2016-02-08,130.00,130.40,129.90,130.00,29,30952,4023756.40
2016-02-05,129.90,130.00,129.00,129.20,38,32300,4191727.30
2016-02-03,130.00,130.00,128.50,129.20,77,74746,9649195.10
2016-02-02,130.00,131.00,129.50,130.00,177,866416,112627562.20
2016-02-01,127.50,130.00,127.50,130.00,21,6297,817984.60
2016-01-29,129.90,129.90,127.00,127.10,79,196908,25033571.40
2016-01-28,128.10,129.90,127.00,127.00,86,198778,25276462.10
2016-01-27,129.00,129.00,127.00,127.00,164,149876,19041596.50
2016-01-26,130.00,130.00,128.00,128.40,59,22893,2949427.20
2016-01-25,131.00,131.50,129.00,129.00,35,14246,1846240.00
2016-01-22,129.00,133.00,129.00,130.00,95,118677,15481510.20
2016-01-21,128.00,128.00,125.70,127.00,123,326314,41187182.40
2016-01-20,130.00,130.00,125.00,125.50,143,121135,15278556.10
2016-01-19,129.00,129.00,127.00,128.00,130,324976,41593770.60
2016-01-18,129.50,130.10,129.00,129.10,91,119444,15507819.70
2016-01-14,133.90,133.90,129.80,130.00,218,318183,41522610.70
2016-01-13,135.00,135.10,133.50,133.90,128,2774851,371892534.40
2016-01-12,138.00,138.00,135.00,135.00,110,1117370,153932105.10
2016-01-11,139.50,139.50,137.50,137.60,94,1441939,200349596.90
2016-01-08,139.20,139.50,138.80,139.30,77,45958,6393191.30
2016-01-07,139.50,139.90,139.20,139.20,54,1188829,165842058.00
2016-01-06,139.00,139.90,139.00,139.50,70,1287475,179600931.40
2016-01-05,140.00,140.00,138.50,139.00,64,52618,7344847.00
2016-01-04,140.60,142.00,139.00,139.00,157,1598941,223485771.70
2015-12-31,140.00,140.60,139.90,140.20,135,231801,32496882.30
2015-12-30,140.00,140.00,139.90,140.00,100,605378,84752780.00
2015-12-29,141.50,141.50,140.00,140.00,129,1093239,153056117.50
2015-12-28,142.00,142.00,140.00,140.00,202,175260,24587887.70
2015-12-23,141.70,141.90,141.50,141.50,50,118737,16834782.70
2015-12-22,142.00,142.00,141.50,141.90,56,144693,20532314.70
2015-12-21,142.00,142.00,141.50,142.00,71,130298,18486282.00
2015-12-18,142.00,142.80,141.70,141.90,56,668468,94921938.80
2015-12-17,141.90,143.90,141.80,142.00,80,261493,37132321.60
2015-12-16,144.00,144.00,141.90,142.00,59,137968,19592208.50
2015-12-15,142.00,142.00,141.30,142.00,53,791686,112418691.80
2015-12-14,141.20,142.40,141.20,142.00,52,1246301,176970762.20
2015-12-11,141.50,142.40,141.00,141.50,124,3570816,505274105.50
2015-12-10,140.50,142.40,140.30,141.10,87,347226,48785885.50
2015-12-09,140.20,141.50,139.90,140.30,173,1130383,158898446.10
2015-12-08,141.10,141.50,140.30,140.50,127,386079,54263939.40
2015-12-07,141.50,141.80,141.00,141.20,49,11394,1607560.40
2015-12-04,142.00,142.00,141.10,141.50,63,587264,83082402.00
2015-12-03,142.00,144.00,141.00,141.40,170,354400,50243762.50
2015-12-02,140.10,141.00,140.00,140.70,101,251862,35446156.00
2015-12-01,140.50,141.10,140.10,140.20,157,211426,29663575.80
2015-11-30,145.00,145.00,140.00,140.30,249,387766,54539372.50
2015-11-27,146.00,146.00,145.00,145.00,180,313462,45540865.60
2015-11-26,146.00,150.00,145.50,145.90,126,193453,28236055.60
2015-11-24,151.00,151.00,145.00,145.60,232,1144238,166400814.70
2015-11-23,152.00,152.00,151.00,151.00,39,70696,10744228.00
2015-11-20,152.00,152.00,151.40,151.50,35,41645,6309553.50
2015-11-19,151.50,152.50,151.30,152.00,110,266276,40452455.90
2015-11-18,152.00,152.00,151.50,151.50,28,19841,3013331.50
2015-11-17,152.00,153.00,152.00,153.00,37,126799,19295186.60
2015-11-16,153.00,155.00,150.00,151.20,113,346879,51205641.60
2015-11-13,151.00,153.00,151.00,153.00,81,440334,66949215.10
2015-11-12,154.50,154.80,154.00,154.00,46,7166,1104784.20
2015-11-11,154.00,155.00,154.00,155.00,49,52493,8135001.50
2015-11-09,156.00,156.00,155.00,156.00,83,802080,125109861.10
2015-11-06,160.00,160.00,155.80,156.00,72,876625,136809868.50
2015-11-05,156.00,158.00,155.50,156.10,60,18497,2878836.90
2015-11-04,158.00,158.00,155.50,156.00,59,557193,86929063.90
2015-11-03,160.00,160.00,157.50,158.00,12,3103,490981.50
2015-11-02,156.20,159.00,156.20,158.20,4,348,54652.00
2015-10-30,157.00,158.00,156.00,156.20,53,5115295,797799040.40
2015-10-29,160.00,160.00,156.00,156.80,60,1964536,306692210.00
2015-10-28,160.00,160.00,158.00,159.00,70,1827472,290022297.00
2015-10-26,160.00,160.00,159.00,159.70,30,78443,12533617.50
2015-10-23,159.80,160.00,159.80,159.90,18,62241,9956914.90
2015-10-22,161.90,162.00,159.00,159.90,47,115534,18485065.80
2015-10-21,161.00,162.50,160.00,161.80,78,306254,49587098.60
2015-10-20,159.00,161.70,158.90,160.20,51,53805,8585806.30
2015-10-19,157.50,158.00,157.00,158.00,53,97220,15346658.50
2015-10-16,156.80,158.00,156.80,157.50,33,20373,3202831.50
2015-10-15,155.90,159.00,155.80,156.80,17,3959,619660.80
2015-10-14,157.50,157.50,156.00,156.00,52,555330,87420174.70
2015-10-13,157.00,161.90,155.50,157.90,46,1091694,169887406.30
2015-10-12,157.00,160.00,157.00,157.00,62,604580,95201854.50
2015-10-09,157.00,157.50,157.00,157.00,153,322228,50592164.90
2015-10-08,157.50,157.50,156.00,156.30,155,292467,45801498.50
2015-10-07,159.40,160.00,158.00,158.00,80,82187,13006864.10
2015-10-06,162.00,162.00,159.40,159.80,67,154178,24658612.10
2015-10-05,160.00,161.00,158.00,159.20,104,153210,24528195.40
2015-10-02,160.00,161.00,159.90,160.00,66,91259,14604341.50
2015-10-01,159.50,160.90,159.50,159.80,114,1810039,289601506.00
2015-09-30,162.00,162.00,158.00,159.00,193,239853,38414250.90
2015-09-29,163.40,163.40,161.60,161.90,59,123276,19971624.00
2015-09-28,165.00,165.00,162.00,163.40,72,3816772,623476188.60
2015-09-25,165.00,165.00,164.80,164.90,25,59771,9856235.60
2015-09-23,165.00,165.00,164.90,164.90,26,51766,8536266.90
2015-09-22,165.00,165.10,164.00,165.00,61,81500,13444207.80
2015-09-21,165.10,166.00,165.00,165.00,27,10113,1669097.00
2015-09-18,165.00,166.00,165.00,166.00,45,502998,83448138.00
2015-09-17,167.50,167.50,165.00,165.80,31,158044,26190483.10
2015-09-16,167.00,168.00,165.00,165.10,24,8968,1480907.00
2015-09-15,168.00,169.00,165.00,167.90,74,493904,82953810.00
2015-09-14,168.00,168.70,167.00,168.00,35,457312,76827090.50
2015-09-11,167.20,167.20,166.00,166.10,31,29515,4911490.00
2015-09-10,167.00,167.00,166.00,167.00,29,84581,14123595.00
2015-09-09,166.00,168.00,166.00,167.30,21,9389,1575675.00
2015-09-08,168.00,168.00,165.50,165.90,60,14045,2341445.50
2015-09-07,169.50,169.50,167.50,168.00,44,527691,88664013.30
2015-09-04,172.00,172.00,169.50,169.50,46,29815,5087845.40
2015-09-03,170.10,171.00,170.10,171.00,23,921416,156771630.60
2015-09-02,172.10,172.10,169.60,171.00,40,495564,84632718.80
2015-09-01,173.90,174.00,172.40,172.60,37,43387,7500872.00
2015-08-31,173.50,174.00,173.00,174.00,49,562097,97783089.50
2015-08-28,172.00,174.00,171.90,173.50,23,53515,9272813.00
2015-08-27,170.10,172.00,169.00,170.40,36,982886,166129952.80
2015-08-26,169.00,171.00,169.00,170.00,57,239242,40468946.00
2015-08-25,169.20,171.00,168.00,169.30,84,1123654,189512947.80
2015-08-24,175.50,175.50,169.90,170.70,118,2208577,377318131.30
2015-08-21,173.60,175.10,173.50,175.00,101,835576,145233318.00
2015-08-20,174.50,174.50,173.50,173.70,55,28201,4905933.00
2015-08-19,175.00,175.00,174.00,174.60,50,145488,25406894.40
2015-08-18,175.50,175.50,174.00,174.70,63,448774,78071701.60
2015-08-17,174.00,175.00,174.00,174.90,58,139041,24324534.90
2015-08-14,174.00,175.00,172.00,174.90,73,131125,22907210.80
2015-08-13,173.50,174.00,172.00,172.10,36,39967,6908344.50
2015-08-12,174.60,174.60,172.50,173.30,51,3437975,593244888.40
2015-08-11,172.20,174.00,171.00,173.80,109,1958114,338821314.70
2015-08-10,172.50,173.00,172.20,172.30,12,8067,1392513.40
2015-08-07,172.00,173.00,171.00,172.70,38,127827,22035066.50
2015-08-06,172.00,173.00,172.00,172.00,29,32325,5583436.00
2015-08-05,171.00,172.50,171.00,171.50,33,109216,18719184.40
2015-08-04,170.00,171.00,170.00,170.50,32,25536,4345188.10
2015-08-03,171.00,172.00,171.00,171.00,46,480092,81659740.40
2015-07-30,170.50,173.00,170.50,171.00,86,1937001,329725331.40
2015-07-29,170.00,171.00,170.00,170.10,46,52197,8885341.40
2015-07-28,169.90,170.40,169.70,170.00,60,29687,5046324.00
2015-07-27,170.00,170.00,168.50,169.50,75,121576,20606048.50
2015-07-24,168.00,170.00,168.00,170.00,61,1054178,178217779.90
2015-07-23,168.00,169.00,168.00,168.30,72,1458218,245517263.40
2015-07-22,166.50,169.30,166.50,168.10,57,1914519,321624507.90
2015-07-21,168.00,168.00,167.00,167.00,15,3786,635183.90
2015-07-20,169.50,169.50,167.00,168.10,26,11297,1900896.00
2015-07-17,170.00,170.00,168.20,169.50,53,123933,21027547.60
2015-07-16,169.50,171.00,168.10,169.90,47,1353611,228916468.20
2015-07-15,165.00,170.00,164.50,166.70,60,247142,40829031.10
2015-07-14,165.10,166.00,165.00,165.00,25,29088,4800503.80
2015-07-13,163.40,165.00,163.40,164.80,35,20294,3345060.50
2015-07-10,162.00,165.00,162.00,164.20,35,45177,7341720.00
2015-07-09,161.90,162.50,160.80,162.00,47,164339,26623823.30
2015-07-08,161.00,161.00,160.00,160.80,25,205109,32978550.10
2015-07-07,162.50,162.50,161.10,161.70,14,92921,14985480.00
2015-07-06,161.10,162.00,161.00,161.50,21,42639,6867537.50
2015-07-03,161.00,162.00,161.00,161.10,27,22604,3639847.00
2015-07-02,160.50,164.90,160.20,161.00,27,43453,6986608.70
2015-06-30,160.20,160.90,160.20,160.50,46,1296694,207492809.30
2015-06-29,160.90,160.90,160.50,160.70,63,55215,8877602.70
2015-06-26,160.50,160.90,160.50,160.80,32,1665906,266906039.90
2015-06-25,161.00,161.00,160.00,160.50,65,286628,45885002.30
2015-06-24,161.00,161.00,160.20,160.50,35,18499,2969455.30
2015-06-23,161.20,161.20,160.70,161.00,35,32610,5250027.90
2015-06-22,162.10,162.10,160.00,161.60,32,85199,13648751.80
2015-06-19,164.50,165.00,161.30,162.10,66,64880,10638819.80
2015-06-18,165.00,165.00,164.00,164.90,27,15450,2546472.10
2015-06-17,163.00,165.00,163.00,165.00,21,16246,2648864.00
2015-06-16,163.00,165.00,162.70,164.00,24,7083,1159070.50
2015-06-15,163.50,163.50,162.00,163.00,14,8805,1435315.50
2015-06-12,161.50,162.20,161.00,161.00,31,533772,85967271.90
2015-06-11,161.50,162.00,161.00,161.10,26,22013,3546480.50
2015-06-10,162.00,163.00,162.00,162.00,15,11656,1891275.00
2015-06-09,163.00,163.00,162.00,162.10,33,41697,6763261.80
2015-06-08,163.00,163.00,162.10,162.20,40,27095,4396293.30
2015-06-05,162.00,163.90,161.00,162.20,53,45818,7423509.70
2015-06-03,163.00,163.00,160.00,160.40,167,1010029,161902476.20
2015-06-01,162.90,164.00,162.00,162.80,34,37730,6120314.20
2015-05-29,164.20,164.20,162.00,162.90,164,925771,151635156.00
2015-05-28,167.50,167.50,164.00,164.20,76,3128141,514594009.90
2015-05-27,166.50,169.00,165.00,165.10,75,1698312,278841176.90
2015-05-26,165.10,166.90,165.10,165.20,85,2107043,347704907.70
2015-05-25,169.00,169.00,165.00,165.20,96,56180,9339464.70
2015-05-22,169.10,170.00,168.50,168.60,29,50602,8546640.60
2015-05-21,170.00,171.00,169.00,169.30,44,626279,106163350.50
2015-05-20,169.70,170.00,169.00,170.00,27,1240243,209685940.40
2015-05-19,168.50,169.00,168.20,169.00,57,108165,18235650.70
2015-05-18,169.90,169.90,168.20,168.50,57,33329,5618365.10
2015-05-15,170.00,171.00,169.00,169.70,51,598820,102267588.40
2015-05-14,171.40,171.40,170.00,170.00,67,824245,140128478.70
2015-05-13,172.00,172.00,170.50,170.50,27,677086,116114453.60
2015-05-12,170.00,172.00,170.00,171.80,63,776085,132402121.90
2015-05-11,171.00,172.00,171.00,171.90,30,328829,56237366.90
2015-05-08,171.00,173.00,171.00,171.20,74,549202,94462098.80
2015-05-07,172.00,172.00,171.50,171.90,14,5305,911832.90
2015-05-06,172.00,172.00,169.00,170.40,117,1356651,230666652.30
2015-05-05,173.00,173.00,171.00,172.00,45,681987,117374242.30
2015-04-30,172.50,172.50,171.50,171.90,50,172544,29679765.20
2015-04-29,172.00,172.00,171.00,172.00,64,303705,52235914.50
2015-04-28,171.00,171.90,171.00,171.50,74,439534,75381741.10
2015-04-27,172.00,172.00,170.70,171.20,102,173399,29699433.10
2015-04-24,171.10,172.00,171.00,171.00,40,68161,11662513.60
2015-04-23,172.00,172.00,171.00,171.40,35,55506,9514756.90
2015-04-22,173.00,173.00,171.50,171.90,27,2137698,368745806.70
2015-04-21,172.00,172.00,171.10,172.00,22,303854,52262834.80
2015-04-20,171.00,173.00,171.00,172.00,62,346929,59657706.00
2015-04-17,170.00,173.00,170.00,171.00,31,70757,12156568.40
2015-04-16,170.00,175.00,170.00,170.30,56,529131,90229875.70
2015-04-15,164.00,170.00,163.50,169.00,38,20541,3436321.50
2015-04-10,164.00,165.00,163.60,163.90,31,304703,49971948.60
2015-04-09,164.00,164.70,164.00,164.00,63,850252,139441450.10
2015-04-08,165.00,166.00,164.00,164.60,30,14168,2326539.70
2015-04-07,165.00,168.00,164.00,165.10,21,6699,1104335.00
2015-04-06,166.00,166.00,163.50,165.00,58,1043169,172122212.40
2015-04-02,167.00,167.00,162.00,163.70,69,120322,19854802.00
2015-04-01,163.00,167.00,163.00,167.00,20,11355,1872345.00
2015-03-31,160.10,166.80,160.00,165.40,105,91909,14966683.90
2015-03-30,166.80,166.80,161.00,162.70,140,137991,22542557.50
2015-03-27,169.00,169.00,166.50,166.80,63,42576,7150873.60
2015-03-26,172.00,172.00,167.00,168.00,77,40197,6816008.40
2015-03-25,172.50,174.00,171.50,171.90,50,50337,8655532.90
2015-03-24,176.90,176.90,172.50,173.30,73,45369,7931026.90
2015-03-23,177.90,179.00,177.40,177.40,29,30302,5393559.00
2015-03-20,177.50,178.00,176.00,177.70,32,24759,4406310.00
2015-03-19,175.00,178.00,175.00,178.00,36,27661,4919238.20
2015-03-18,178.00,178.00,174.00,175.00,65,80664,14277959.90
2015-03-17,179.50,179.50,179.00,179.00,28,53697,9633781.50
2015-03-16,180.00,180.80,179.50,179.70,44,104847,18869668.00
2015-03-13,182.00,182.00,180.00,180.70,48,57855,10473920.00
2015-03-12,181.90,183.00,181.90,182.50,13,1560,285039.90
2015-03-11,184.90,184.90,181.00,183.00,65,316532,57925487.00
2015-03-10,180.00,184.30,180.00,183.10,57,164186,29856471.70
2015-03-09,180.00,181.00,179.50,180.10,32,36133,6496687.00
2015-03-06,179.50,180.00,178.10,179.50,59,184422,33105370.90
2015-03-04,180.00,180.00,179.50,179.70,5,564,101353.10
2015-03-03,179.80,180.10,179.00,180.00,61,720371,129642305.60
2015-03-02,178.50,179.50,178.50,179.00,46,135292,24219592.00
2015-02-27,178.50,179.50,177.50,178.50,64,1104856,197223133.60
2015-02-26,179.50,179.50,178.00,179.00,44,93610,16754096.40
2015-02-25,179.00,180.00,179.00,179.40,80,155040,27893363.40
2015-02-24,179.90,180.00,178.10,179.70,94,54106,9733115.30
2015-02-23,180.00,180.00,178.80,179.00,28,611781,109510910.50
2015-02-20,180.00,180.00,179.10,179.80,24,19128,3440707.80
2015-02-19,180.00,181.00,179.10,180.00,84,3463628,623568071.30
2015-02-18,177.00,180.00,177.00,178.60,101,677285,121775439.00
2015-02-16,178.00,178.00,176.00,177.30,55,35056,6209970.10
2015-02-13,178.00,178.00,176.00,178.00,49,202836,36026587.00
2015-02-12,176.10,178.00,176.10,178.00,84,52857,9382638.90
2015-02-11,174.40,179.00,174.00,178.00,106,120261,21150969.20
2015-02-10,168.60,174.40,168.60,174.00,96,1043805,181605963.30
2015-02-09,168.60,170.20,168.00,168.00,76,83916,14179733.40
2015-02-06,164.00,170.00,164.00,168.10,156,2178486,364930978.90
2015-02-05,161.00,163.50,161.00,162.10,222,1719917,278659694.90
2015-02-02,167.50,168.10,158.10,160.80,257,228428,37090068.30
2015-01-30,174.00,174.00,167.50,168.10,476,1066970,180435427.50
2015-01-29,180.50,180.50,179.50,179.90,69,2489287,448061154.30
2015-01-28,181.00,181.00,179.50,180.10,63,238538,42992659.00
2015-01-27,181.50,181.50,180.00,181.00,24,664413,120203037.00
2015-01-26,180.00,180.10,180.00,180.00,30,53002,9540500.00
2015-01-23,181.50,181.50,179.00,180.00,25,57584,10336678.60
2015-01-22,180.00,180.00,177.10,178.00,86,742522,132175943.90
2015-01-21,180.10,181.00,178.10,180.00,34,105928,19060391.00
2015-01-20,180.00,183.00,180.00,180.20,55,546885,98484096.80
2015-01-19,188.50,188.50,177.00,179.80,97,451999,81386887.50
2015-01-16,190.00,190.00,188.00,188.30,29,24690,4645801.00
2015-01-13,190.10,192.00,187.00,189.50,78,168594,32029058.30
2015-01-12,190.00,194.00,189.30,190.10,113,3078643,595065488.60
2015-01-09,184.00,190.90,184.00,187.90,136,958161,179617402.00
2015-01-08,180.90,182.10,180.00,181.60,47,27002,4903032.00
2015-01-07,180.00,180.90,179.00,180.00,106,370302,66669293.30
2015-01-06,176.00,181.00,175.00,180.00,114,255134,45937782.30
2015-01-02,172.00,175.90,171.90,174.90,54,49049,8566918.60
2014-12-31,170.00,171.00,170.00,171.00,10,7756,1322672.00
2014-12-30,170.00,170.00,170.00,170.00,34,65553,11144010.00
2014-12-29,170.00,170.00,169.00,170.00,34,24361,4138740.90
2014-12-26,170.00,170.00,169.90,170.00,32,74404,12648550.00
2014-12-24,166.00,169.00,166.00,169.00,4,3300,555198.20
2014-12-23,165.00,170.00,165.00,169.40,52,18017235,2832282433.00
2014-12-22,168.80,168.80,164.90,165.00,71,1532903,252935474.70
2014-12-19,169.00,169.00,164.90,165.00,99,387702,64969845.90
2014-12-18,169.90,169.90,169.00,169.00,12,209610,35528849.30
2014-12-17,170.00,170.00,168.00,169.50,87,343922,58405581.50
2014-12-16,170.00,170.50,170.00,170.30,14,138930,23618295.50
2014-12-15,170.00,170.00,169.50,170.00,34,70751,12024174.00
2014-12-12,170.00,171.00,169.50,170.00,29,237033,40294075.10
2014-12-11,170.00,170.50,169.90,170.00,80,668612,113663960.80
2014-12-10,170.50,170.50,169.70,170.00,46,140282,23848941.30
2014-12-09,170.00,171.00,170.00,170.00,54,1596174,271350336.60
2014-12-08,169.50,170.40,169.50,170.00,48,82276,13966123.90
2014-12-05,169.10,170.50,169.00,170.00,66,304682,51720210.20
2014-12-04,169.90,169.90,169.00,169.50,89,423152,71733045.30
2014-12-03,166.00,169.90,165.00,169.30,62,115651,19398094.90
2014-12-02,165.00,166.90,165.00,165.00,104,376878,62187312.70
2014-12-01,158.60,165.00,158.60,164.90,35,61513,9948830.90
2014-11-28,160.00,162.00,155.10,158.60,155,463783,73099001.10
2014-11-27,167.90,167.90,160.00,160.60,201,303151,48987966.90
2014-11-26,170.00,171.00,167.50,168.00,46,16188,2746446.30
2014-11-25,170.00,173.00,169.00,170.00,193,846581,143942829.10
2014-11-24,170.00,173.00,160.00,169.40,145,217224,36332128.80
2014-11-21,177.80,178.00,173.80,175.00,187,414571,73023226.20
2014-11-20,176.90,178.50,176.90,177.80,76,394002,69865529.30
2014-11-19,176.50,179.00,176.00,176.10,43,88078,15540101.60
2014-11-18,176.00,179.90,175.90,176.50,101,540292,95557427.60
2014-11-17,174.20,176.00,174.00,175.00,61,153909,26912269.90
2014-11-14,174.20,174.20,174.00,174.00,54,172737,30056911.40
2014-11-13,174.00,174.20,174.00,174.00,65,250531,43592616.80
2014-11-12,171.50,174.30,171.50,174.00,34,150330,26145602.60
2014-11-11,174.00,174.00,171.00,173.90,49,97520,16926906.80
2014-11-10,174.40,174.60,173.00,174.00,47,66434,11559755.90
2014-11-07,174.00,174.90,173.00,174.00,82,610737,106271274.40
2014-11-05,170.90,174.00,169.10,172.80,171,462897,79392551.60
2014-11-04,170.00,170.00,169.00,169.60,129,480697,81464711.30
2014-11-03,166.00,170.00,165.00,169.60,162,1074761,181435079.50
2014-10-31,162.00,166.00,162.00,165.80,89,231822,38233282.10
2014-10-30,161.00,163.00,160.90,162.00,58,50823,8223908.30
2014-10-29,159.00,161.00,159.00,160.20,65,440575,70504186.80
2014-10-28,160.00,160.00,159.00,159.00,31,17130,2728492.90
2014-10-27,158.90,160.00,158.90,159.80,51,681850,108424793.00
2014-10-24,159.00,159.00,158.00,158.90,47,189375,30060986.20
2014-10-23,159.00,159.00,158.50,158.50,93,390881,62122736.00
2014-10-21,161.00,161.00,158.00,158.60,80,878678,139518746.50
2014-10-20,164.00,164.00,160.00,160.90,53,74411,12126698.70
2014-10-17,166.70,166.70,163.00,163.70,34,1219220,200663922.60
2014-10-16,165.00,166.00,163.50,165.00,154,1850626,308125473.80
2014-10-15,159.00,164.50,159.00,163.20,59,129247,20927390.60
2014-10-14,157.00,159.00,155.00,157.10,172,355655,55541578.40
2014-10-13,160.00,168.10,155.30,157.30,109,76877,12317672.00
2014-10-10,170.00,170.00,167.00,167.20,108,848151,144149639.10
2014-10-09,167.50,169.20,167.10,168.90,69,395487,66451180.80
2014-10-07,165.50,167.40,165.50,167.10,74,298677,49920233.70
2014-10-03,160.00,166.30,160.00,165.50,215,414599,68274645.50
2014-10-02,159.00,162.00,158.50,160.00,83,155540,24896495.80
2014-10-01,156.00,159.10,156.00,158.00,49,445437,69968655.10
2014-09-30,156.50,156.50,155.00,155.90,103,2358734,367955393.20
2014-09-29,156.80,158.00,156.50,157.00,38,240863,37919070.90
2014-09-26,157.00,157.10,156.00,156.10,21,11338,1775692.90
2014-09-25,159.00,159.00,156.10,157.20,42,32002,5058006.40
2014-09-24,160.00,160.00,158.50,158.90,20,68529,10887780.90
2014-09-23,161.00,161.00,159.00,159.00,44,1598156,255702533.00
2014-09-22,159.00,160.20,159.00,160.00,82,448386,71664546.80
2014-09-19,156.70,159.00,156.00,158.90,61,555547,87406140.20
2014-09-18,156.50,157.10,156.50,156.90,66,822457,129121757.50
2014-09-17,157.00,157.50,156.50,156.80,39,137292,21554689.70
2014-09-16,158.00,158.50,156.50,156.50,46,1299136,204635232.00
2014-09-15,161.30,161.30,155.00,156.00,120,183373,28673470.30
2014-09-12,164.80,164.80,160.00,161.30,88,139733,22728852.00
2014-09-11,162.00,164.50,161.50,163.90,122,354746,58082431.70
2014-09-10,158.50,161.50,158.50,160.20,143,377043,60343302.60
2014-09-09,156.40,158.50,156.10,158.00,119,152835,24123318.60
2014-09-05,152.00,156.70,152.00,155.30,155,317043,49019703.60
2014-09-04,150.90,152.00,149.90,151.00,122,594242,89435773.90
2014-09-03,148.90,150.90,148.00,150.00,141,888407,133082069.60
2014-09-02,148.80,148.80,147.20,148.50,50,30761,4556483.20
2014-09-01,148.90,148.90,148.00,148.00,38,42822,6339158.00
2014-08-29,146.80,148.50,146.00,148.00,68,798229,117727653.50
2014-08-28,146.00,146.60,145.00,146.10,54,217523,31808108.20
2014-08-27,145.70,146.20,145.00,146.00,23,12095,1766003.30
2014-08-26,146.00,146.40,145.90,146.00,50,113373,16552357.70
2014-08-25,146.50,146.50,145.90,146.00,48,99893,14585801.20
2014-08-22,146.00,146.50,146.00,146.30,80,114575,16741965.80
2014-08-21,145.50,146.50,145.00,145.80,80,114812,16703000.60
2014-08-20,145.00,145.50,144.50,145.00,135,1996319,289471608.20
2014-08-19,145.90,146.00,143.70,144.20,35,36777,5320828.50
2014-08-18,144.50,145.00,143.70,144.70,62,120587,17447280.70
2014-08-15,144.40,144.80,143.50,144.20,40,553308,79891616.20
2014-08-14,144.00,145.00,143.00,143.80,34,1038425,150566916.40
2014-08-13,142.50,144.00,142.20,143.70,41,47962,6866775.60
2014-08-12,143.00,143.00,141.50,142.90,97,296068,42076896.40
2014-08-11,143.00,143.00,142.00,142.50,47,26775,3809936.20
2014-08-08,143.90,144.00,142.10,142.90,34,19079,2734712.50
2014-08-07,142.90,144.00,142.90,143.00,85,235170,33647687.00
2014-08-06,142.60,142.80,142.00,142.40,49,594129,84393884.40
2014-08-05,142.90,142.90,141.50,141.50,43,39026,5532748.60
2014-08-04,143.10,144.00,142.90,142.90,30,516583,73866005.60
2014-08-01,145.00,145.00,143.60,144.00,26,223748,32369879.00
2014-07-31,144.70,145.00,144.60,145.00,54,283366,41087141.90
2014-07-30,144.00,145.00,144.00,145.00,68,348247,50494343.90
2014-07-28,143.50,145.00,143.50,144.90,35,145679,21097117.30
2014-07-25,145.00,145.00,143.50,144.80,15,11632,1683954.90
2014-07-24,145.00,145.00,143.90,144.90,41,376093,54522968.90
2014-07-23,144.90,145.50,143.50,144.50,37,196756,28518257.40
2014-07-22,143.30,145.00,143.30,144.90,23,367279,53252755.90
2014-07-21,141.80,144.00,141.80,143.30,50,97445,13937328.60
2014-07-18,141.90,141.90,139.00,140.50,134,395387,55332524.00
2014-07-17,143.00,144.00,141.10,141.50,55,56682,8040311.70
2014-07-16,145.00,145.00,142.00,142.10,172,383625,54750551.30
2014-07-15,146.10,146.50,144.00,145.00,117,712246,103338934.00
2014-07-14,146.50,147.00,145.00,146.10,123,297241,43447417.60
2014-07-11,149.00,149.00,146.00,146.30,58,15223,2237462.10
2014-07-10,149.00,149.00,148.00,148.50,118,1304950,194365995.60
2014-07-09,147.00,149.00,147.00,148.70,114,296137,43978117.00
2014-07-08,145.80,147.70,145.70,147.00,85,317627,46647486.20
2014-07-07,145.10,146.00,145.00,145.60,79,583018,84871176.60
2014-07-04,149.00,149.00,146.00,146.10,128,368189,53502331.00
2014-07-03,143.60,149.80,143.60,148.60,157,780939,113442528.90
2014-07-02,142.40,143.80,142.40,143.70,77,172683,24692770.50
2014-07-01,140.50,142.00,140.50,142.00,148,707266,99978514.40
2014-06-30,139.70,141.00,139.70,140.60,284,984589,137889487.10
2014-06-27,138.00,139.80,137.00,139.50,118,231696,32200533.00
2014-06-26,135.50,137.90,133.50,137.20,101,384331,52487992.90
2014-06-25,134.90,135.50,134.40,135.00,51,122590,16544810.40
2014-06-24,133.20,135.00,133.00,135.00,40,90692,12170223.60
2014-06-23,132.90,133.50,132.90,133.40,45,1399800,186915786.70
2014-06-20,135.00,135.00,132.50,133.00,30,900717,120528594.50
2014-06-19,135.00,135.00,134.90,135.00,129,1117314,150834387.10
2014-06-18,134.50,135.10,134.00,134.70,65,481374,64856141.30
2014-06-17,135.00,135.10,135.00,135.00,99,551568,74466243.70
2014-06-16,133.80,135.20,132.00,135.00,80,681117,91911879.80
2014-06-13,132.00,134.00,132.00,133.80,98,913829,121106827.90
2014-06-11,132.00,132.30,131.50,132.00,79,744576,98020713.90
2014-06-10,131.00,132.00,131.00,131.50,114,133991,17614836.20
2014-06-09,131.00,131.20,130.90,131.00,89,87962,11523047.00
2014-06-06,130.50,131.20,130.50,131.00,55,125695,16463116.50
2014-06-05,130.50,131.50,130.00,131.00,88,287411,37568536.30
2014-06-04,130.00,130.30,130.00,130.00,59,143013,18592402.00
2014-06-03,130.20,130.50,130.00,130.40,63,120742,15705388.80
2014-06-02,130.00,130.20,130.00,130.00,106,359030,46673964.20
2014-05-30,129.40,130.10,129.40,129.90,141,1005430,130346147.10
2014-05-29,126.00,130.00,126.00,129.60,108,728315,94069479.70
2014-05-28,126.00,126.50,126.00,126.00,49,433531,54792536.10
2014-05-27,126.50,126.50,125.50,126.00,38,150502,18962231.10
2014-05-26,126.00,126.40,126.00,126.40,10,2482,313412.00
2014-05-23,126.10,126.60,126.10,126.50,45,522391,66076828.50
2014-05-22,126.90,126.90,126.10,126.50,58,689941,87282111.60
2014-05-21,127.70,127.70,126.50,126.50,91,344822,43749890.90
2014-05-20,129.00,129.00,128.00,128.00,94,252879,32475849.90
2014-05-19,129.70,129.70,129.00,129.00,72,908756,117615999.30
2014-05-16,129.00,129.80,128.10,129.60,146,592888,76796335.00
2014-05-13,128.50,129.00,128.00,129.00,69,420938,54228108.30
2014-05-12,128.00,128.50,128.00,128.50,48,343239,43948188.10
2014-05-09,127.80,128.10,127.50,128.00,58,199153,25489557.50
2014-05-08,127.00,127.90,127.00,127.50,57,796858,101597500.70
2014-05-07,127.00,127.50,127.00,127.50,29,52020,6628988.60
2014-05-06,127.80,127.90,126.50,126.50,55,582919,74268826.60
2014-05-05,127.50,127.80,127.20,127.50,82,737195,93994130.20
2014-05-02,127.00,127.60,126.60,127.50,50,488805,62309468.00
2014-04-30,127.00,127.50,127.00,127.40,61,258506,32868962.20
2014-04-29,127.30,127.40,127.00,127.00,46,220529,28007605.90
2014-04-28,126.90,127.50,126.90,127.00,35,290362,36877021.60
2014-04-25,128.00,128.50,127.00,127.00,47,291217,36989378.30
2014-04-24,126.50,128.00,126.50,127.30,95,457528,58115355.20
2014-04-23,127.00,128.00,126.20,126.80,68,237930,30137248.40
2014-04-22,127.80,128.00,127.00,127.90,115,696391,88831887.50
2014-04-21,127.50,127.50,126.60,127.50,61,68076,8663356.40
2014-04-17,127.00,127.50,126.60,127.10,115,417596,53059438.50
2014-04-16,125.10,127.10,125.00,127.00,47,1062765,134364812.90
2014-04-11,125.80,127.00,125.00,126.80,74,70562,8891190.20
2014-04-10,126.00,126.00,125.00,125.90,43,37915,4763077.40
2014-04-09,123.10,126.50,123.10,126.00,65,190444,23805808.90
2014-04-08,125.00,125.50,125.00,125.00,49,361946,45254803.60
2014-04-07,122.10,125.30,122.10,125.00,104,1625022,203126278.20
2014-04-04,122.00,125.00,121.00,125.00,91,1791959,223812097.60
2014-04-03,120.00,123.00,120.00,122.10,77,192617,23184415.80
2014-04-02,121.00,121.00,118.00,120.10,34,159947,19193667.90
2014-04-01,119.60,120.40,118.00,120.10,59,191385,22893783.20
2014-03-31,123.00,123.40,121.50,123.00,83,396939,48807743.80
2014-03-28,121.50,123.00,119.60,122.90,55,134481,16420210.70
2014-03-27,121.00,121.00,120.00,121.00,36,33369,4024997.00
2014-03-26,120.00,121.00,120.00,120.30,65,168530,20230848.80
2014-03-25,120.20,120.20,119.60,120.00,33,39103,4691734.20
2014-03-24,120.00,120.90,119.50,120.20,49,55551,6663336.20
2014-03-21,119.90,119.90,118.00,119.90,36,88759,10607196.00
2014-03-20,117.90,119.90,117.00,117.70,52,431681,50607780.50
2014-03-19,115.40,117.90,115.40,116.50,21,55929,6461492.20
2014-03-18,114.90,115.20,114.90,115.00,104,269995,31049011.10
2014-03-17,114.50,115.00,114.20,114.50,19,15616,1786711.90
2014-03-14,115.00,115.00,114.50,114.60,48,197780,22669372.80
2014-03-13,114.90,115.00,114.50,115.00,21,156700,17945241.90
2014-03-12,114.50,115.50,114.50,115.10,37,1002686,114834499.90
2014-03-11,115.50,115.50,114.80,115.00,43,961388,110634742.80
2014-03-10,115.00,116.00,115.00,115.50,192,806398,93201642.50
2014-03-07,115.00,115.00,114.50,115.00,20,18648,2143802.70
2014-03-06,114.20,115.00,114.10,114.50,60,736108,84285114.40
2014-03-05,115.00,115.00,114.00,114.00,98,106091,12128517.80
2014-03-04,115.00,115.00,114.80,115.00,23,13035,1498852.60
2014-03-03,116.00,116.00,114.70,115.00,77,188136,21636260.20
2014-02-28,115.00,116.00,114.90,115.00,173,1838666,211436720.70
2014-02-26,114.50,115.50,114.50,114.60,74,113439,13035457.00
2014-02-25,114.50,115.20,114.50,114.50,73,299259,34404686.50
2014-02-24,114.00,114.50,113.50,114.50,41,67044,7641887.20
2014-02-21,116.00,116.00,114.50,114.90,101,325095,37390399.70
2014-02-20,118.00,118.00,115.80,116.00,93,816206,94692252.50
2014-02-19,118.00,118.20,117.20,118.00,38,140434,16511058.10
2014-02-18,118.00,118.00,116.00,116.50,48,62177,7223058.50
2014-02-17,118.00,118.00,117.00,117.00,26,25238,2956623.30
2014-02-13,118.30,118.50,118.00,118.00,50,480874,56781777.30
2014-02-12,119.00,119.00,118.00,118.30,69,199007,23520565.20
2014-02-11,120.00,120.00,118.50,118.80,43,140533,16723254.40
2014-02-10,123.00,123.00,118.50,119.80,55,301973,36216786.30
2014-02-07,122.90,122.90,120.00,120.10,87,652453,78353840.60
2014-02-06,124.00,125.80,122.90,123.00,52,5637035,676534976.20
2014-02-05,127.00,127.00,120.00,120.40,126,3055942,374685352.80
2014-02-03,127.00,127.10,126.90,127.00,51,531755,67532904.70
2014-01-31,127.00,127.40,126.00,127.00,97,208915,26534948.40
2014-01-30,127.00,127.50,126.00,127.00,53,100155,12719189.80
2014-01-29,126.50,128.00,126.50,127.60,44,720362,91900837.20
2014-01-28,127.80,127.80,127.00,127.10,47,851315,108617461.70
2014-01-27,130.00,130.00,127.50,128.00,56,76993,9857026.40
2014-01-24,130.10,130.50,129.10,129.90,92,1406662,182813590.50
2014-01-23,128.00,131.50,128.00,130.60,206,1392010,180956526.00
2014-01-22,127.00,128.90,126.50,128.50,109,897937,114891976.40
2014-01-21,126.40,127.40,126.00,127.20,130,375751,47698166.60
2014-01-20,124.00,126.50,124.00,126.00,49,127959,16134874.50
2014-01-17,126.60,127.90,125.50,126.00,49,659455,83592933.50
2014-01-16,126.80,127.00,125.00,126.60,70,101281,12769527.60
2014-01-13,126.40,127.00,123.10,126.70,81,185902,23214189.60
2014-01-10,125.00,126.50,125.00,126.30,84,266528,33581517.80
2014-01-09,125.00,125.40,124.00,125.00,138,827243,103404411.20
2014-01-08,122.10,125.00,122.00,124.60,94,833831,103981387.20
2014-01-07,122.00,123.00,121.90,122.90,63,236052,28810756.00
2014-01-06,120.90,122.00,120.00,120.90,50,660012,79214262.50
2014-01-03,120.10,120.50,119.00,120.10,46,61097,7337017.00
2014-01-02,121.20,121.20,118.00,120.00,38,4119270,486315716.10
2013-12-31,122.50,122.50,120.00,120.40,38,69856,8473840.10
2013-12-30,120.50,122.50,120.50,122.10,95,406204,49533286.90
2013-12-27,120.10,121.50,120.10,120.90,15,13421,1614359.30
2013-12-26,121.20,122.00,120.20,121.10,25,501121,61122186.70
2013-12-24,122.00,122.00,121.00,121.60,19,504623,61560995.30
2013-12-23,120.50,122.00,120.00,121.90,123,542229,66135892.20
2013-12-20,120.00,120.40,119.10,120.00,62,159977,19197898.90
2013-12-19,118.00,120.00,118.00,120.00,113,432683,51893313.80
2013-12-18,118.90,119.00,118.00,119.00,86,511298,60799796.80
2013-12-17,117.00,119.00,117.00,118.90,119,382874,45399922.40
2013-12-13,117.00,117.50,117.00,117.00,16,3948,462641.00
2013-12-12,117.50,118.00,117.00,117.50,40,107837,12713771.40
2013-12-11,116.00,118.30,116.00,117.00,78,355921,41628772.80
2013-12-10,117.00,118.00,116.50,117.50,49,81651,9560819.50
2013-12-09,115.50,117.00,115.00,116.50,86,462375,53667217.80
2013-12-06,115.00,115.50,114.50,115.00,14,18294,2103829.00
2013-12-05,115.00,115.50,115.00,115.50,9,20764,2387860.50
2013-12-04,115.60,115.60,115.00,115.00,9,8535,981535.70
2013-12-03,115.00,116.50,115.00,115.60,31,67952,7848042.20
2013-12-02,116.00,116.10,116.00,116.00,59,270524,31381697.90
2013-11-29,115.00,116.40,115.00,116.00,42,176909,20513497.00
2013-11-28,115.00,115.60,115.00,115.00,63,185307,21310425.00
2013-11-27,113.10,114.40,113.10,114.10,30,33208,3784759.40
2013-11-26,113.80,113.80,112.00,113.00,73,241570,27267328.00
2013-11-25,113.90,115.00,112.50,113.40,23,8687,987345.00
2013-11-22,115.10,115.50,114.00,114.00,17,6772,772441.70
2013-11-21,115.00,116.00,115.00,115.50,91,2730524,314587112.30
2013-11-20,114.00,115.10,114.00,115.00,32,1759419,202236629.00
2013-11-19,114.00,114.90,113.50,114.80,20,920438,105832919.40
2013-11-18,114.00,115.00,113.70,114.40,23,36426,4168293.80
2013-11-15,113.00,113.50,113.00,113.00,41,31146,3521622.10
2013-11-14,113.20,113.20,113.00,113.00,27,16645,1881044.00
2013-11-13,113.00,114.00,112.50,112.90,38,38121,4325339.00
2013-11-12,114.50,114.50,112.00,113.80,42,14065,1591097.50
2013-11-11,114.00,115.50,114.00,114.90,16,1447,166258.00
2013-11-08,117.00,117.00,113.00,115.40,23,9405,1072387.50
2013-11-07,117.00,117.00,116.50,117.00,21,28022,3276122.50
2013-11-06,117.50,117.50,116.50,116.50,8,351,40978.50
2013-11-05,117.50,117.90,117.50,117.50,38,611115,71806238.30
2013-11-04,117.70,117.70,117.50,117.50,71,575146,67580369.80
2013-11-01,118.00,118.00,117.50,118.00,33,35721,4204821.40
2013-10-31,117.00,118.10,117.00,118.00,41,107577,12685183.60
2013-10-30,117.00,117.00,116.00,116.10,20,26459,3072102.00
2013-10-29,117.00,118.00,117.00,117.70,45,2151054,251693785.20
2013-10-28,117.00,117.00,116.00,116.60,33,195747,22894246.10
2013-10-25,117.40,117.40,116.90,117.00,23,16666,1949965.20
2013-10-24,117.50,117.70,117.40,117.50,27,39669,4661112.20
2013-10-23,118.60,118.60,117.10,117.50,45,146812,17325030.60
2013-10-22,118.00,118.90,117.60,118.00,58,1185296,139869699.90
2013-10-21,118.00,119.00,117.60,118.00,66,171322,20315217.50
2013-10-17,117.60,119.00,117.60,118.90,37,43453,5165913.40
2013-10-15,118.50,119.00,118.00,118.80,28,8754,1038077.90
2013-10-14,119.40,119.40,117.50,119.00,14,11339,1335070.10
2013-10-11,119.50,119.80,118.00,119.40,56,187653,22422619.10
2013-10-10,118.10,119.30,117.70,119.00,70,227789,27045037.30
2013-10-09,117.90,118.50,117.50,118.20,25,233711,27576578.20
2013-10-08,118.00,118.00,117.00,117.70,10,1794,211548.50
2013-10-07,117.70,118.50,117.50,118.00,37,20879,2463208.10
2013-10-04,119.00,119.00,118.00,118.50,35,62649,7423417.50
2013-10-03,118.00,119.00,118.00,118.70,21,510552,61225649.90
2013-10-02,118.00,119.00,117.50,118.50,42,40974,4854132.30
2013-10-01,118.00,119.00,116.50,118.00,34,32797,3866151.60
2013-09-30,117.00,120.00,116.00,117.60,57,133052,15629286.60
2013-09-27,118.00,118.00,117.00,117.30,24,276002,32556289.80
2013-09-26,115.50,118.00,115.50,117.70,129,1012741,117936845.40
2013-09-25,115.60,117.00,115.50,116.00,25,20875,2412072.60
2013-09-24,115.00,117.50,115.00,116.80,155,578267,67001424.80
2013-09-23,115.00,115.10,113.70,115.00,51,403667,46155824.80
2013-09-20,113.00,115.00,113.00,114.90,91,522346,59228466.40
2013-09-18,112.60,113.00,112.00,113.00,91,571888,64619234.00
2013-09-17,113.00,113.00,112.00,112.90,20,22011,2476657.60
2013-09-16,114.00,114.70,112.50,113.30,28,14999,1701806.80
2013-09-13,114.80,114.80,113.50,113.60,34,211711,24141854.70
2013-09-12,115.00,115.00,114.30,114.30,5,1394,159369.90
2013-09-11,114.30,115.00,114.00,114.80,39,305871,35163404.50
2013-09-10,114.00,114.30,113.80,114.00,42,321504,36655896.00
2013-09-09,114.50,114.50,113.70,113.80,59,277898,31634987.70
2013-09-06,114.50,114.90,114.50,114.50,14,3850,441335.00
2013-09-05,114.70,114.90,114.00,114.10,39,356284,40856486.40
2013-09-04,115.00,115.00,114.20,114.70,21,763934,87622317.00
2013-09-03,114.00,115.00,114.00,114.30,54,289608,33266458.60
2013-09-02,115.40,115.90,114.50,114.60,16,128619,14824063.10
2013-08-30,115.50,115.90,115.00,115.40,29,13995,1615364.20
2013-08-29,116.00,116.00,115.00,115.90,65,97833,11333654.10
2013-08-28,116.40,116.40,114.80,115.30,123,461691,53336898.40
2013-08-27,118.00,118.00,115.00,115.60,77,206589,23941933.00
2013-08-26,117.00,118.00,116.00,117.00,79,792308,92188464.00
2013-08-23,118.60,118.60,116.50,117.00,49,618884,72710695.80
2013-08-22,118.50,119.00,118.00,118.60,56,690847,81686403.40
2013-08-21,119.50,119.50,118.00,118.50,84,215839,25568116.60
2013-08-19,119.80,119.80,119.00,119.60,69,419451,50133150.90
2013-08-16,119.00,119.60,118.50,119.50,58,167075,19951493.80
2013-08-15,120.00,120.90,119.20,119.50,93,467603,55902506.00
2013-08-14,118.20,120.40,118.20,120.00,116,386132,46272161.00
2013-08-13,119.00,119.50,118.00,119.10,31,56686,6738395.70
2013-08-12,119.00,119.00,117.00,119.00,41,38073,4524057.10
2013-08-08,119.50,119.50,118.60,119.00,27,63444,7550059.60
2013-08-07,119.50,120.00,119.00,119.30,103,321181,38506539.60
2013-08-06,119.00,119.90,118.80,119.60,62,54096,6446931.80
2013-08-05,119.00,119.20,118.50,119.00,41,50241,5966430.10
2013-08-02,118.00,119.90,118.00,119.60,91,453172,54135820.50
2013-08-01,117.10,118.50,117.00,118.10,100,215570,25400746.40
2013-07-31,117.00,117.30,117.00,117.10,84,136716,16000174.30
2013-07-30,115.00,117.30,115.00,116.80,93,539262,62748712.80
2013-07-29,116.00,116.50,114.00,114.00,46,84277,9610899.70
2013-07-26,116.50,116.50,116.10,116.10,22,11303,1315056.30
2013-07-25,117.00,117.00,116.20,116.60,38,58650,6836464.50
2013-07-24,117.00,117.20,116.50,117.00,53,48432,5666111.00
2013-07-23,116.70,117.30,116.70,117.00,47,170781,19979297.30
2013-07-19,116.00,117.90,116.00,116.70,66,144993,16941932.90
2013-07-18,116.00,116.00,115.00,116.00,32,40287,4668567.20
2013-07-17,116.50,116.80,116.00,116.00,20,3660,425159.00
2013-07-16,117.50,117.50,116.50,116.70,60,304611,35554453.00
2013-07-15,115.00,118.00,115.00,117.00,87,318767,37218495.60
2013-07-12,114.50,115.50,114.50,115.00,59,170911,19634030.80
2013-07-11,115.00,115.00,114.50,114.50,36,32917,3776782.10
2013-07-10,113.50,114.90,113.50,113.80,40,63018,7173323.50
2013-07-09,114.00,114.00,113.20,113.50,45,48165,5467194.50
2013-07-08,114.00,114.00,113.00,113.50,58,183040,20833068.50
2013-07-05,115.00,115.00,112.50,113.30,79,59238,6703010.10
2013-07-04,115.00,115.50,113.20,113.50,90,2296715,259850664.80
2013-07-03,116.50,116.50,114.20,114.50,87,122159,14041303.10
2013-07-02,117.00,117.90,116.00,116.20,57,90663,10601521.70
2013-07-01,115.00,116.00,114.50,116.00,74,240867,27732782.60
2013-06-28,114.70,116.90,114.50,115.30,87,112404,12935930.00
2013-06-27,113.40,115.00,113.40,114.50,62,1148441,132031607.10
2013-06-26,114.90,115.00,113.00,113.40,143,420925,47759734.30
2013-06-25,116.30,116.30,113.60,113.90,135,555230,63678484.50
2013-06-24,115.90,116.90,115.50,115.90,55,90251,10470037.10
2013-06-21,116.00,117.00,115.10,115.30,67,104924,12112737.30
2013-06-20,116.50,116.50,115.80,115.80,62,3078612,356536496.60
2013-06-19,116.90,117.00,116.00,116.20,77,805197,93918290.00
2013-06-18,116.90,116.90,116.30,116.50,42,80678,9405535.10
2013-06-17,118.00,118.00,116.20,116.40,45,99194,11555598.70
2013-06-14,116.20,118.50,116.20,116.70,77,56197,6560401.50
2013-06-13,119.90,121.00,116.20,116.90,86,889878,104792735.90
2013-06-12,119.50,120.00,118.00,119.90,96,653937,77300141.90
2013-06-11,120.90,121.50,119.50,119.70,93,272414,32703961.40
2013-06-10,121.80,121.90,119.90,120.00,55,92843,11143436.20
2013-06-07,122.60,122.90,120.00,120.10,49,988273,120386121.70
2013-06-06,124.00,124.00,122.60,122.90,66,2132724,263089581.20
2013-06-05,124.50,124.50,122.50,123.30,91,344669,42500527.60
2013-06-04,122.00,124.10,122.00,124.00,142,3345357,417523753.90
2013-06-03,123.50,123.60,122.00,122.00,57,128105,15681257.40
2013-05-31,122.50,123.50,122.50,123.30,59,969926,120975305.70
2013-05-30,122.50,123.30,122.50,123.00,58,104640,12863648.30
2013-05-29,121.00,124.00,121.00,123.60,115,322028,39835543.40
2013-05-28,121.50,122.60,120.70,121.40,83,64737,7858006.40
2013-05-27,124.00,124.00,122.00,122.50,61,20145,2472061.10
2013-05-23,125.00,125.00,123.50,123.90,45,16925,2098583.20
2013-05-22,125.00,125.00,124.40,124.90,137,1534966,191845852.40
2013-05-21,122.50,126.00,122.50,125.30,481,5648995,705744092.00
2013-05-20,119.00,122.50,119.00,122.10,303,2008187,244620647.80
2013-05-17,116.90,119.10,116.90,119.00,214,3041435,359537790.10
2013-05-16,116.00,116.70,115.50,116.60,70,1323423,152971364.30
2013-05-15,116.50,116.50,114.50,115.00,114,379860,43613389.30
2013-05-14,117.90,117.90,116.50,116.60,54,91519,10695708.70
2013-05-13,118.00,118.00,117.00,117.80,82,93329,10987794.60
2013-05-10,118.70,119.20,117.00,118.00,138,1211541,143098932.60
2013-05-09,118.80,118.80,118.10,118.50,106,3528629,416505388.60
2013-05-08,118.60,119.00,118.20,118.70,125,3145947,371594013.70
2013-05-07,117.60,118.60,117.20,118.50,231,847473,99862443.00
2013-05-06,117.00,118.00,116.50,117.90,128,225557,26562772.30
2013-05-03,115.00,118.00,115.00,116.60,149,988853,115179874.00
2013-05-02,114.00,115.00,114.00,115.00,61,182831,21018715.00
2013-04-30,114.00,115.00,114.00,114.80,83,1029591,117916077.70
2013-04-29,114.00,114.90,113.80,114.50,84,529050,60571150.30
2013-04-26,114.00,114.20,113.60,114.10,88,356189,40615628.70
2013-04-24,113.50,114.00,113.50,114.00,93,631410,71874883.70
2013-04-23,112.80,113.50,112.70,113.00,77,268602,30440131.90
2013-04-22,113.00,113.00,112.50,113.00,53,3317232,374839534.40
2013-04-19,113.00,113.50,112.60,113.00,83,4605651,520443550.70
2013-04-18,114.10,114.40,113.10,113.40,53,21366,2431470.80
2013-04-17,114.00,114.50,113.50,114.20,107,211616,24180702.40
2013-04-16,113.90,114.00,113.60,113.90,90,636965,72549061.60
2013-04-12,113.80,114.00,113.60,113.90,35,20661,2351759.90
2013-04-11,113.50,113.80,113.00,113.50,121,913301,103654277.50
2013-04-10,112.50,113.50,112.50,113.00,115,242321,27384278.90
2013-04-09,113.00,113.50,112.50,113.00,86,57116,6453533.70
2013-04-08,114.00,114.00,113.00,113.10,85,62899,7141863.20
2013-04-05,111.00,113.80,111.00,113.50,146,236523,26778613.60
2013-04-04,109.50,111.50,109.00,111.50,87,336465,37094720.70
2013-04-03,109.00,110.50,109.00,109.80,51,69323,7630446.40
2013-04-02,108.30,109.90,108.30,109.70,66,105960,11554332.60
2013-04-01,111.00,111.00,108.60,109.60,45,67628,7433366.00
2013-03-28,112.00,113.50,112.00,113.00,176,5435338,614196755.00
2013-03-27,113.00,113.00,111.10,112.50,161,245203,27482654.70
2013-03-25,113.10,114.00,113.00,113.00,43,246831,27698305.50
2013-03-22,113.70,113.90,113.00,113.90,66,62453,7092487.20
2013-03-21,113.80,114.40,113.50,113.70,102,566375,64564758.50
2013-03-20,113.00,114.40,113.00,114.00,72,201275,22939635.00
2013-03-19,114.00,114.50,113.50,113.70,155,710573,80990732.50
2013-03-18,113.00,114.00,113.00,114.00,126,155095,17649069.00
2013-03-15,111.00,112.50,110.90,112.00,117,179721,20079149.80
2013-03-14,110.00,111.00,110.00,110.40,38,16572,1826220.00
2013-03-13,110.00,110.90,109.90,110.00,76,579845,63782652.00
2013-03-12,108.00,110.50,108.00,110.00,146,518598,56875922.50
2013-03-11,108.30,109.00,107.60,108.40,72,951765,102829540.70
2013-03-08,108.90,109.40,107.80,107.90,145,953290,103479002.30
2013-03-07,109.00,109.20,108.10,108.20,73,79294,8620688.60
2013-03-06,109.20,109.20,108.80,108.90,66,91830,10008714.40
2013-03-05,109.60,109.90,108.50,108.80,47,24565,2682311.80
2013-03-04,109.00,110.00,109.00,109.90,172,5064264,557003039.40
2013-03-01,109.00,109.10,108.80,109.00,66,100234,10926305.40
2013-02-28,110.00,110.00,108.80,109.00,156,475924,51903421.50
2013-02-27,107.50,109.50,107.50,109.00,172,1161453,126009689.60
2013-02-26,108.00,108.00,106.00,107.50,155,1338357,143880401.00
2013-02-22,107.00,108.00,107.00,107.60,54,46047,4949480.20
2013-02-21,107.60,107.60,105.20,105.80,80,178687,19014913.40
2013-02-20,108.60,108.60,107.50,108.00,19,22037,2380339.00
2013-02-19,107.70,109.00,107.00,108.60,122,2580860,280974379.80
2013-02-18,109.50,110.00,106.00,107.50,84,53432,5787428.70
2013-02-15,108.50,109.50,108.50,109.00,67,70987,7736307.50
2013-02-14,108.50,109.00,108.00,108.50,79,341659,37087369.50
2013-02-13,108.00,109.00,107.50,108.40,56,52157,5636430.90
2013-02-12,108.00,108.90,107.20,107.90,78,56936,6142659.30
2013-02-11,111.50,111.80,108.00,108.40,158,1056246,117440422.10
2013-02-08,109.90,111.40,109.90,111.20,248,2151133,238530103.20
2013-02-07,109.00,110.00,109.00,109.90,284,1554180,169787087.50
2013-02-06,107.00,109.40,107.00,108.70,290,1410193,153295708.20
2013-02-05,106.00,107.50,106.00,106.80,117,1117721,119194881.90
2013-02-01,106.00,106.50,105.30,105.70,170,1680438,177859892.60
2013-01-31,106.00,106.00,105.00,105.50,200,15548861,1609816654.40
2013-01-30,104.70,106.50,104.00,104.60,309,18575406,1915279126.20
2013-01-29,105.80,105.80,104.60,104.90,62,68209,7150791.40
2013-01-28,104.40,105.50,104.00,105.00,119,112551,11798557.20
2013-01-24,103.70,104.40,103.70,104.00,37,1126103,117115120.60
2013-01-23,104.00,104.50,104.00,104.10,108,6063770,630664245.30
2013-01-22,105.00,105.10,104.00,104.20,116,6872001,714957690.00
2013-01-21,105.00,105.00,104.50,104.80,51,743826,77905963.50
2013-01-18,105.00,105.10,104.90,105.00,115,2609490,273255047.10
2013-01-17,105.00,105.00,104.50,105.00,181,3974834,417351838.20
2013-01-16,105.00,105.00,104.50,105.00,93,240377,25233689.10
2013-01-15,105.90,105.90,104.90,105.00,132,2462780,258592988.80
2013-01-11,105.10,105.90,104.80,105.00,97,320338,33647513.70
2013-01-10,105.00,105.50,104.80,105.00,90,924056,97027560.60
2013-01-09,105.10,105.40,105.00,105.40,42,281698,29580814.40
2013-01-08,104.50,105.40,104.50,105.10,76,2431676,254148234.50
2013-01-07,104.90,105.00,104.10,105.00,93,899905,94053159.20
2013-01-04,104.00,105.00,104.00,104.90,45,33044,3459700.80
2013-01-03,104.00,105.00,104.00,104.00,42,18425,1926827.00
2013-01-02,103.20,104.00,103.20,104.00,82,13809156,1429285734.00
2012-12-31,103.00,103.90,103.00,103.00,46,61548,6342444.80
2012-12-28,102.00,103.90,102.00,103.00,46,30568,3139836.10
2012-12-26,103.90,103.90,102.50,102.80,27,258431,26616402.50
2012-12-24,102.00,103.50,102.00,103.40,29,17210,1773103.10
2012-12-21,102.40,103.00,102.00,103.00,70,614369,62824541.50
2012-12-20,102.90,103.00,101.50,101.80,35,475608,48980836.40
2012-12-19,102.00,103.50,102.00,102.00,27,1892809,194068269.00
2012-12-18,102.00,104.00,102.00,103.00,55,1815344,186977302.10
2012-12-17,103.00,103.60,101.20,101.40,29,762724,77803707.80
2012-12-14,102.70,104.00,101.00,102.00,81,2186048,223144790.90
2012-12-13,102.50,103.00,102.20,102.70,48,140318,14439157.80
2012-12-12,102.00,102.00,100.00,101.60,70,218799,21996347.10
2012-12-11,100.00,101.00,100.00,100.00,35,93574,9358100.00
2012-12-10,100.10,100.50,99.00,100.50,78,162919,16167169.90
2012-12-07,100.00,100.00,99.60,100.00,73,64309,6426359.00
2012-12-06,100.00,100.00,99.70,99.90,66,42480,4244812.00
2012-12-05,99.50,100.00,99.50,99.90,45,20349,2031826.40
2012-12-04,99.80,99.90,99.20,99.90,42,38879,3861295.50
2012-12-03,101.00,101.00,99.60,100.00,35,57557,5754763.10
2012-11-30,100.00,101.70,99.50,100.00,81,113228,11323711.20
2012-11-29,100.10,101.00,99.90,100.00,125,434732,43478252.90
2012-11-28,102.00,102.00,99.50,100.00,156,202836,20305518.40
2012-11-26,101.90,102.00,100.90,101.50,47,23843,2417555.60
2012-11-23,102.00,102.00,101.20,101.70,25,6965,708692.70
2012-11-22,102.00,103.00,101.00,101.90,51,49515,5048657.40
2012-11-21,102.50,102.90,100.50,101.50,82,62385,6343541.00
2012-11-20,103.10,104.40,102.50,102.50,30,15657,1613150.50
2012-11-19,105.00,105.00,103.10,103.50,30,19945,2073940.20
2012-11-16,105.00,105.00,104.60,105.00,37,110739,11622067.90
2012-11-15,105.90,105.90,104.70,105.00,47,71611,7516441.30
2012-11-14,105.20,106.00,104.70,105.90,43,19692,2073096.30
2012-11-12,105.00,105.50,104.50,105.00,40,21675,2275768.20
2012-11-09,104.50,104.60,104.00,104.50,28,7376,770724.30
2012-11-08,105.00,105.00,103.00,103.10,145,406892,42117849.60
2012-11-07,104.00,104.00,103.60,103.80,49,272871,28332582.50
2012-11-06,104.00,104.00,103.50,103.80,41,46520,4826384.30
2012-11-05,104.00,105.00,103.60,104.00,29,40355,4197607.30
2012-11-02,102.80,104.00,102.30,103.10,13,10963,1130063.90
2012-11-01,104.00,104.00,102.80,102.90,38,36080,3716784.40
2012-10-31,103.00,104.90,103.00,104.90,21,4690,487034.30
2012-10-30,104.60,104.60,102.80,103.00,44,123158,12686591.00
2012-10-26,104.00,104.80,103.40,103.50,46,24288,2515735.40
2012-10-25,104.00,105.00,104.00,104.00,49,43270,4503310.00
2012-10-24,106.00,106.00,104.00,104.30,45,182073,19192015.20
2012-10-23,106.00,106.00,104.50,105.10,46,235716,24731800.40
2012-10-22,107.00,107.00,104.00,105.00,32,196352,20779038.40
2012-10-19,106.00,108.00,105.00,105.50,56,237488,25329100.10
2012-10-18,106.50,106.50,105.00,106.00,41,203875,21590985.40
2012-10-17,107.00,107.00,104.50,104.80,38,206131,21808743.00
2012-10-16,108.00,110.00,106.00,106.00,78,271612,29435468.90
2012-10-15,109.90,111.00,106.10,106.90,46,194765,21012225.50
2012-10-12,111.10,112.00,110.00,110.20,75,314517,35015730.90
2012-10-11,113.00,113.00,111.00,111.10,47,227670,25463246.40
2012-10-10,113.00,113.00,111.20,111.80,90,481358,54286713.30
2012-10-09,113.00,115.00,111.80,112.00,41,202633,22798079.70
2012-10-08,113.50,113.50,112.00,112.10,33,194140,21982010.90
2012-10-05,113.10,113.90,112.10,113.10,42,217000,24579301.00
2012-10-04,113.50,114.00,112.60,113.90,72,267601,30389588.00
2012-10-03,114.60,114.60,113.50,113.90,40,205383,23473965.60
2012-10-02,115.00,115.00,114.10,114.60,36,33083,3796594.50
2012-10-01,115.00,116.00,115.00,115.90,55,338300,39182050.10